base,onboard,cohort,days,r1,e1,r3,e3,r5,e5,r10,e10,r20,e20,r30,e30
FET,2023-01-15,2023,1319,-0.10927982801863145,-0.08794140892621227,0.01433178072375485,-0.06126995268615487,-0.048369759942672896,-0.044976715464380757,0.007524184879971196,0.004650509227090316,0.5510569688283768,0.5585365145604565,0.48011465424579014,0.5132389401831745
MAGIC,2023-01-23,2023,1311,0.010662038184974021,0.01320750534541204,0.2374576411273659,0.23971618109615378,0.057773369699975374,0.09654288819805656,0.6116207951070336,0.6159794421761531,0.37408050252086955,0.35472939851557683,0.34688817257624605,0.37836488682852787
T,2023-01-31,2023,1304,-0.06641776380428377,-0.05643462010432587,-0.06229121634898804,-0.05793256927986856,-0.11731184908626446,-0.10983230335418481,-0.21123992925918644,-0.22200380851131207,-0.17999606995480433,-0.1636378552336183,-0.16329337787384557,-0.1157896370022119
MINA,2023-02-03,2023,1298,-0.04321130676552365,-0.031237526847214037,0.03278498609823921,0.040805763030705156,0.16265060240963858,0.16632086459083606,0.24084800741427248,0.1960093992005909,0.08769694161260433,0.090470318889598,-0.227062094531974,-0.16497059126400004
ASTR,2023-02-13,2023,1291,0.22174516984467751,0.1250596636564807,0.32920823336279836,0.2843696251491168,0.29662836216694033,0.3116870749108326,0.013511807046344249,0.04498852129862607,-0.13953782043187257,-0.13854314617653996,-0.18171486298775097,-0.2106344940812952
GMX,2023-02-16,2023,1288,-0.01982486013135487,-0.022078587527974314,-0.04329846752614941,-0.06736516194094544,-0.09170518122111404,-0.08057334195161792,-0.09073218195086341,-0.08795880467386974,-0.21539771345171488,-0.1533062101837409,-0.013135490148382334,-0.05211047806974112
CFX,2023-02-19,2023,1285,0.009193993257738287,0.025552207978924324,-0.07018081520073549,-0.06014825592589301,-0.29083665338645415,-0.28956807781559524,-0.30401471038921235,-0.2971264217500198,-0.4379405455102666,-0.5132023160129736,0.1486362243334356,0.1791547871522643
STX,2023-02-20,2023,1284,0.13388734995383178,0.1450191892233279,0.12588488765774075,0.15736160191002257,0.2019082794706064,0.18466570833581986,0.30378578024007363,0.3512895211117073,0.22699292089873802,0.12996387540656573,0.8027085257002153,0.7641424790963629
ACH,2023-02-21,2023,1283,0.006164685160721994,0.016197244435564473,-0.13980625275209158,-0.13853767718123267,-0.13914575077058566,-0.136372373493592,-0.32738881549977983,-0.32707103975099283,-0.19726992514310882,-0.2206120342249721,-0.29282254513430206,-0.2629400316373197
SSV,2023-02-23,2023,1281,0.05454545454545445,0.05581403011631336,0.2911725955204214,0.2939459727974151,0.12753623188405783,0.10634260985860133,0.02239789196310915,0.023392566218441768,0.025559947299077734,-0.003359683794466495,-0.005006587615283387,-0.023478349865122095
CKB,2023-02-27,2023,1277,0.00470366886171214,-0.016489953163744353,-0.12398871119473187,-0.0764849703230982,-0.15898400752587027,-0.1627313716111688,-0.3063029162746943,-0.29608093212859854,-0.005268109125117659,0.0037318443727379913,-0.07619943555973663,-0.06478387016283838
LQTY,2023-03-08,2023,1267,-0.002690455961483984,-0.017933525826381747,0.2763617483243652,0.17933270283219294,0.29816860190691985,0.31415158580239233,0.04455772680071757,0.05355768029857322,0.0051449070140661135,0.016560472410964366,0.041064854148966434,0.02729578066974181
USDC,2023-03-12,2023,1265,0.010858303707465655,-0.08617074178470663,0.011833417978669214,0.027816401874141694,0.012950736414423458,-0.08283004340502709,0.012320975114271215,0.042839537933099914,0.01452513966480451,0.014915230650891287,0.01428136109700362,-0.004690319787171271
ID,2023-03-23,2023,1254,-0.0009458948164963177,0.028936618680486026,-0.07775255391600444,-0.09622431616584315,-0.1220204313280362,-0.12709936316633663,-0.11785849413545213,-0.10792311278696853,-0.1424517593643586,-0.13217847883853628,0.4214907302307984,0.40113663427629875
ARB,2023-03-23,2023,1254,-0.03809811777156247,-0.008215604274580124,-0.031219290951696954,-0.04969105320153566,-0.07763247410991003,-0.08271140594821047,-0.09259959180588107,-0.08266421045739747,-0.09826895456950635,-0.08799567404368402,0.10688638597021693,0.08653229001571727
JOE,2023-03-28,2023,1248,0.04579358196010408,0.05720914735700233,0.06400693842150895,0.06439702940759573,0.02185602775368589,0.03517577265092042,-0.01647875108412844,-0.01770496627413798,0.18508239375542068,0.15293419525100194,-0.12836079791847366,-0.12296346603348096
TLM,2023-03-29,2023,1247,0.0005037783375314575,-0.0151985240005017,0.0005037783375314575,0.010439159686015054,0.07052896725440827,0.057245347027028215,0.06045340050377823,0.04668432702455361,0.03677581863979862,0.08850177349690758,-0.014105793450881587,-0.011126271266581278
XVS,2023-04-12,2023,1233,0.14220445459737308,0.13922711727229986,0.14306110793832105,0.14285635502884841,0.06910336950314111,0.036955170998722364,-0.09137635636778985,-0.08306196297327328,-0.12278697886921752,-0.135415876327037,-0.30154197601370636,-0.3007056901682177
BLUR,2023-04-27,2023,1218,0.023080272898824195,0.026059795083124504,-0.09174045579909995,-0.05175140607798989,-0.11278850341123525,-0.12541740086905473,-0.3369139207432138,-0.31018569988000055,-0.3226883437363913,-0.3012799526691474,-0.2319640005806357,-0.2771960284776315
EDU,2023-04-28,2023,1216,-0.08179477749172492,-0.041805727770614864,-0.1350496506068407,-0.1476785480646602,-0.12806178742184626,-0.15114858406376686,-0.09525560867966165,-0.09426684365803928,-0.15917616770871634,-0.16734137736554688,-0.15733725634424423,-0.15582582138284162
SUI,2023-05-03,2023,1213,-0.04572207866781519,-0.03909180270497781,-0.046009187482055736,-0.023843478718513667,-0.18468274476026425,-0.157954523897051,-0.21124031007751942,-0.21040402423203075,-0.24454493252942866,-0.2583190474764112,-0.32450473729543494,-0.34026654559454006
1000PEPE,2023-05-05,2023,1211,-0.2959071242374567,-0.2737414154739146,-0.4769288651205289,-0.45020064425731565,-0.48415791029534283,-0.48316914527372046,-0.5345999838757357,-0.5439153110459355,-0.6160006449705733,-0.6216250701771189,-0.66719518421972,-0.6689508735772857
1000FLOKI,2023-05-06,2023,1210,-0.019254813703425855,-0.004746078640418316,-0.1040260065016253,-0.10223279035400312,-0.11252813203300815,-0.08981478427044509,-0.1525381345336333,-0.14783506851761263,-0.22130532633158284,-0.22992529927371075,-0.30432608152038,-0.25312397395795005
UMA,2023-05-09,2023,1206,-0.06934164394234532,-0.04662829617978226,-0.09933774834437104,-0.09850146249888236,-0.09232567199065056,-0.10164099916085034,-0.1620568757304247,-0.17022208538725525,-0.22633424230619403,-0.22482280734479143,-0.3272302298402805,-0.3265581741427206
NMR,2023-06-22,2023,1163,0.011843079200592133,-0.014881606991876462,0.0022205773501109416,0.004389348358032508,-0.004441154700222105,-0.0184232631532677,-0.0037009622501850137,-0.004979843376385573,-0.04811250925240562,-0.04028785980976901,-0.051813471502590636,-0.04820373759919361
MAV,2023-06-29,2023,1156,-0.024337866857551904,-0.025004754725120537,-0.02028155571462642,-0.02156043684082698,0.21355285134812707,0.2261664183968285,-0.02219040801717964,-0.018176440069457067,-0.2221426867096158,-0.22381462495176885,-0.26819374850870914,-0.2695316370339258
XVG,2023-07-05,2023,1150,0.10059491617090321,0.12073372306139274,0.062060573282855414,0.06399278751463544,0.031638723634396904,0.023376097505790394,-0.17522985397512159,-0.17467197484013142,-0.3858842617631152,-0.38768443869479075,-0.38034072471606273,-0.37762998250045066
WLD,2023-07-24,2023,1131,0.04483141904409038,0.043031242112414825,-0.029825861430159084,-0.025520571002016212,0.08609670248240109,0.08475881395718443,0.07664875879955546,0.07630251384324738,-0.1809466469062615,-0.17661636244668022,-0.34892552797332343,-0.3633163375139541
PENDLE,2023-07-28,2023,1127,-0.09090909090909094,-0.0922469794343076,-0.10967979389032023,-0.10796137538196215,-0.12783707520549636,-0.10995564280545855,-0.11446448288553557,-0.11882548288897488,-0.3674395779658939,-0.2941418597478569,-0.23813029076186976,-0.24133745265432605
ARKM,2023-07-28,2023,1127,-0.04225092250922513,-0.04358881103444179,-0.06199261992619942,-0.060274201417841344,-0.13321033210332112,-0.1153288997032833,-0.22195571955719562,-0.22631671956063493,-0.3201107011070111,-0.24681298288897413,-0.296678966789668,-0.2998861286821243
AGLD,2023-07-29,2023,1126,-0.08301132578281134,-0.08069359960852518,-0.14017321785476344,-0.15661356171940777,-0.18161225849433704,-0.18195850345064513,-0.1689540306462357,-0.18800363907285378,-0.34603597601598923,-0.32470540859132824,-0.36069287141905393,-0.361413517547306
YGG,2023-08-05,2023,1119,0.17447179263776946,0.17384545263150608,-0.2633413199738619,-0.28239092840047997,-0.285776519276846,-0.28141102125163364,-0.3776954911783925,-0.3698537535553873,-0.5249401001960358,-0.520625109712711,-0.5188412110651275,-0.5131367418580911
DODOX,2023-08-08,2023,1116,-0.0788446526151444,-0.07258772193871033,-0.0944574551131927,-0.0934996950490703,-0.05698672911787661,-0.05265644465829533,-0.18345042935206868,-0.16211986192740768,-0.2256049960967994,-0.22632564222505147,-0.16182669789227166,-0.18098591396845787
BNT,2023-08-10,2023,1114,-0.11057225994180409,-0.10961449987768168,-0.20966698997736832,-0.20533670551778704,-0.2976075008082768,-0.2897657631852716,-0.34432589718719686,-0.34768372425910277,-0.3076301325573877,-0.29283957223450086,-0.31409634658907215,-0.3138183521644048
SEI,2023-08-17,2023,1107,-0.03143189755529696,-0.010101330130635966,-0.11874272409778808,-0.12210055116969398,-0.10302677532013982,-0.10030807294529587,-0.23282887077997672,-0.236036032672433,-0.26542491268917345,-0.26417198887702675,-0.18684516880093138,-0.18518295851252675
CYBER,2023-08-21,2023,1103,-0.11896974652493886,-0.1162510441500949,-0.20605069501226503,-0.19641376429521074,-0.24386753883892076,-0.2420480798400838,0.7499999999999998,0.7999223170052471,0.0020441537203597093,0.0045236266199525366,0.18928863450531463,0.1925354355054617
ARK,2023-09-19,2023,1074,0.04420416600413413,0.0474509670042812,-0.026395293369375183,-0.02692631481360297,-0.19907775480998569,-0.1866281536715645,-0.15694069009381462,-0.15246486841588136,-0.1919224041978057,-0.1803494252578317,-0.2941644140562888,-0.30793481088252694
BICO,2023-09-28,2023,1065,-0.04471228615863132,-0.040236464480698064,-0.04937791601866248,-0.08761411592293289,-0.05948678071539648,-0.05709938152478311,-0.11625194401244165,-0.11475604163975439,-0.218895800933126,-0.21626031846014138,-0.06454121306376348,-0.07025033970015859
BIGTIME,2023-10-12,2023,1051,-0.1966527196652721,-0.2006087471854634,-0.09661468238874105,-0.10792399104902572,-0.2890833016356029,-0.2854183820075713,-0.37580829212628386,-0.37868833387183665,-0.39406618486116396,-0.4167492510576236,-0.37010270064663375,-0.36559431070170945
WAXP,2023-10-18,2023,1045,-0.1286833855799372,-0.14245378240617534,-0.16206896551724126,-0.1702435178390974,-0.19106583072100303,-0.2942127713343813,-0.0877742946708463,-0.09348342130724141,-0.010815047021943469,-0.0207730016905725,0.028996865203761768,0.016671013810572788
BSV,2023-10-20,2023,1043,0.013272727272727325,0.0050981749508711705,0.0,-0.10314694061337826,-0.08490909090909093,-0.10173546116589416,-0.08672727272727276,-0.08542979759071945,-0.09727272727272729,-0.12794635126821385,-0.12218181818181817,-0.1439144710143072
RIF,2023-10-21,2023,1042,0.0789810170158356,0.07610097527028281,0.20389495426379467,0.1784066552978396,0.18215796203403167,0.19183387547563546,0.06422740238024982,0.05936714915989705,0.13474968033834966,0.11811274356088797,-0.012294678862988073,-0.014611679925169874
POLYX,2023-10-25,2023,1038,0.23687943262411348,0.24655534606571727,0.2912529550827423,0.2855438284463472,0.9049645390070922,0.9062620141436455,0.10212765957446823,0.09148513095808353,-0.03924349881796696,-0.013831151135829667,-0.05531914893617018,-0.06636641353156403
GAS,2023-10-25,2023,1038,0.031641168289290755,0.041317081730894545,0.7837273991655076,0.7780182725291125,0.7677329624478442,0.7690304375843975,3.4481919332406115,3.4375494046242268,1.8842141863699582,1.9096265340520955,2.079276773296245,2.068229508700851
POWR,2023-10-27,2023,1036,0.03014861995753715,0.024439493321142036,0.09002123142250529,0.0913187065590586,-0.0157112526539277,-0.038394318850387354,-0.0641188959660296,-0.06502966098009078,0.1728237791932059,0.2179491038548187,0.14352441613588107,0.15222787368832147
TIA,2023-10-31,2023,1032,0.12053434108186489,0.09785127488540524,0.05062178670299233,0.05748209906615087,0.016302676099661628,0.017563023350992468,0.39697675440523783,0.38033981762777613,1.6258294151250166,1.6235124140628348,1.8101682998637783,1.8133477190053084
CAKE,2023-11-02,2023,1030,-0.031200051147624808,-0.02433973878446627,0.517613963301579,0.5188743105529099,0.4028514800843934,0.3928935254157644,0.3895530976280288,0.3916143374395572,0.5709353621891184,0.5240259965456677,0.5187008503292627,0.4986542905775815
MEME,2023-11-03,2023,1029,-0.04245013158396582,-0.05309266020035053,-0.19878713909760093,-0.1996979041116621,-0.30752507723406697,-0.3137442742741583,0.2996300392844884,0.3157899939837645,0.029177314161485945,0.03236066558103079,0.15607002555398775,0.14225742253636398
TWT,2023-11-03,2023,1029,0.07200720072007205,0.061364672103687345,0.3741101382865559,0.37319937327249475,0.2091481875460275,0.20292899050593616,0.011373864659193211,0.027533819358469325,-0.04508632681449953,-0.04190297539495469,0.0034367073070942222,-0.010375895710529548
ORDI,2023-11-07,2023,1025,-0.07249262536873158,-0.0787118224088229,0.4620206489675516,0.4453837121900899,0.6061209439528024,0.6081821837643308,0.8924778761061944,0.8801520247130055,0.4423303834808259,0.44776872270391255,2.740781710914454,2.7517195107444934
STEEM,2023-11-08,2023,1024,0.01095406360424045,-0.019719560391246116,-0.030742049469964616,-0.02623365952504031,-0.0222614840989398,-0.0061015293996636855,-0.10070671378091867,-0.0995871650955692,-0.08692579505300335,-0.10244374490032149,-0.03957597173144878,-0.06067491851637108
ILV,2023-11-10,2023,1022,-0.03252710592160135,-0.028018715976677044,-0.1190575479566306,-0.10289759325735448,-0.021580483736447165,-0.08700977027431367,0.08527939949958285,0.08296239843740105,0.12301918265221023,0.12619860179374054,0.1242702251876564,0.12253931832507958
KAS,2023-11-17,2023,1015,0.019844442829105358,0.020963991514454827,-0.05371810714545333,-0.05603510820763513,-0.0710183906374936,-0.11792775628094432,-0.0652031692956313,-0.05976483007254463,-0.07501635531002393,-0.06407855547998464,-0.22810205713454967,-0.2070343159161252
BEAMX,2023-11-17,2023,1015,0.03178872722826753,0.032908275913617,0.07604841667685536,0.07373141561467356,0.06223254676610823,0.015323181122657514,0.064677833475975,0.07011617269906167,0.8624526225699962,0.8733904224000355,1.3902677588947303,1.4113355001131547
1000BONK,2023-11-22,2023,1010,-0.05826528360185401,-0.05508193218230917,-0.04215404987861404,-0.04375325213393999,-0.16309865371882593,-0.15766031449573925,0.07128669167954094,0.0512401319278597,1.5416022952990507,1.5356901536014906,3.2712425513131755,3.268898390187978
PYTH,2023-11-22,2023,1010,0.18201183431952672,0.18519518573907157,0.16520710059171595,0.16360789833639,-0.01680473372781066,-0.011366394504723987,0.09183431952662713,0.07178775977494589,-0.03502958579881654,-0.04094172749637659,-0.13491124260355025,-0.13725540372874756
SUPER,2023-11-26,2023,1006,-0.18475143403441674,-0.17931309481133006,-0.13479923518164438,-0.13546039920056951,-0.10683556405353734,-0.1318429878010451,0.42973231357552577,0.436694386272359,0.4063097514340346,0.39869919100704254,0.6453154875717018,0.6699280359816542
USTC,2023-11-27,2023,1005,-0.0634991119005327,-0.07901706174785084,0.14986678507992912,0.15304620422145943,0.196936056838366,0.17688949708668478,-0.056172291296625154,-0.04523449146658587,-0.20581705150976892,-0.18474931029134445,-0.24622557726465355,-0.2677425560015625
ONG,2023-11-27,2023,1005,0.023057412958266132,0.007539463110947997,-0.11113673045884243,-0.10795731131731212,-0.04772884482361084,-0.06777540457529208,-0.09222965183306431,-0.08129185200302502,-0.17500576435323956,-0.15393802313481508,-0.11966797325340095,-0.1411849519903099
ETHW,2023-11-28,2023,1004,-0.07870837537840569,-0.07936953939733082,-0.10460813992600071,-0.12961556367350846,0.062226707029936046,0.048414104012312276,-0.01379078372014797,-0.03488973050507027,-0.05011772620248911,-0.08092226281790349,0.2260343087790111,0.2456804617046472
JTO,2023-12-08,2023,994,-0.06567205800334641,-0.05492323704857427,-0.16249302844394864,-0.10453822360487075,-0.20819854991634135,-0.240957793563216,-0.30158951477969875,-0.33239405139511313,-0.35253764640267704,-0.33289149347704095,-0.5655605131065253,-0.564655076620165
1000SATS,2023-12-12,2023,990,-0.07090909090909103,-0.10366833455596569,0.3263636363636362,0.3510984873131533,0.33599999999999985,0.35706774121842433,0.18018181818181822,0.1778376570566209,0.48636363636363633,0.441078387982486,0.1374545454545455,0.14442153636166866
AUCTION,2023-12-15,2023,987,0.00852575488454721,0.0009151944575551685,0.2184724689165185,0.18766793230110412,0.5879218472468919,0.5545729892549631,0.45222024866785104,0.4381881061096531,-0.14884547069271747,-0.17905119071278774,-0.22841918294849028,-0.20247768027848767
1000RATS,2023-12-15,2023,987,-0.07260480780397172,-0.08021536823096376,-0.3223086749506445,-0.3531132115660589,-0.27155963302752284,-0.3049084910194516,-0.03927534548832878,-0.05330748804652674,-0.35468586691441184,-0.3848915869344821,-0.32033445592846355,-0.29439295325846093
ACE,2023-12-18,2023,984,-0.043525172093826225,-0.03477464188293722,0.10776634082130276,0.1034788844908987,-0.04143199326730118,-0.03520460731482933,-0.2276385921753954,-0.2079924392497593,-0.39389885126921453,-0.3929934147828542,-0.35740129331117876,-0.34929613021100026
MOVR,2023-12-26,2023,976,-0.13509529686000266,-0.1566122755969116,-0.00209104620869327,0.009763386057897616,-0.14836144247908956,-0.15167626528544997,-0.10366104483751548,-0.10369729001803907,-0.11068833127656652,-0.12938012160073153,-0.2277183600713013,-0.2245895160718704
XAI,2024-01-09,2024,962,0.08025308025308031,0.06834997056838588,-0.030636030636030598,0.045951550129564644,0.4640359640359639,0.48997746670596654,0.4157509157509156,0.40754485183025135,0.39843489843489843,0.368295349826101,0.3804528804528804,0.35918103671260937
WIF,2024-01-18,2024,953,0.10730088495575218,0.09909482103508793,-0.16150442477876092,-0.15882284230930643,-0.22676991150442471,-0.23493327996804336,-0.08849557522123885,-0.08657168525824399,-0.4004424778761062,-0.42939155062832235,0.0672013274336285,0.07619869265532186
MANTA,2024-01-18,2024,953,0.0676248387691174,0.05941877484845315,0.23005343652109822,0.2327350189905527,0.21190344573429143,0.20374007727067278,0.6020361157177079,0.6039600056807027,0.26561636263128796,0.23666728987907182,0.34250046065966466,0.35149782588135803
ONDO,2024-01-20,2024,951,0.3711240310077517,0.3738056134772062,0.2214147286821706,0.21325136021855196,0.08284883720930236,0.08597768120873328,0.16279069767441867,0.17132429959829065,0.08139534883720945,0.04059489112985504,0.690406976744186,0.6973469624463972
LSK,2024-01-25,2024,946,-0.025039123630672955,-0.07142077420772164,0.10485133020344284,0.1067752201664377,0.09546165884194036,0.10399526076581234,0.06964006259780908,0.07945807694453078,0.0626760563380282,0.019880199897722717,0.06455399061032874,0.0482024260637981
ALT,2024-01-25,2024,946,0.12215944368558307,0.07577779310853439,0.22854836706817316,0.23047225703116803,0.29277908853843293,0.3013126904623049,-0.06025704706320634,-0.050439032716484644,0.2765429032658635,0.23374704682555802,0.5735129765304854,0.5571614119839547
JUP,2024-01-31,2024,940,-0.09020968471866053,-0.10224196817397713,-0.1470810076934681,-0.14269028933859806,-0.18298385880223267,-0.18586380092150356,-0.23834665862120985,-0.2514313579065922,-0.23713984009654543,-0.24647326092265742,-0.07105144063961388,-0.09110428092763745
ZETA,2024-02-02,2024,938,-0.1628463702196421,-0.15845565186477206,-0.21341791848704295,-0.21629786060631384,-0.23268897001615896,-0.2616380427683751,0.23879346459991613,0.204837262759052,0.4969178287150635,0.5077297752509614,0.3639356035669399,0.34558289829178634
RONIN,2024-02-06,2024,934,-0.03329549754067329,-0.062244570292889434,-0.028755202421490544,-0.06955566012884495,0.020052970109723844,0.008094685834406645,0.11615588346575878,0.11133686172139234,0.1505864547862279,0.09752540376516938,0.16382898221717768,0.15260984844499914
DYM,2024-02-07,2024,933,0.2688885011341826,0.2476166573939116,0.3011690804397138,0.28808438115433144,0.24655383004711218,0.21259762820624806,0.29174664107485593,0.3007440062965493,0.08410399581224914,0.03708831474620089,0.12144477403594478,0.101851533419824
PIXEL,2024-02-19,2024,921,-0.058887876025524144,-0.06822129685163614,-0.04484958979033715,-0.034037643254439254,-0.050319051959890504,-0.06667061650642114,-0.10720145852324514,-0.08664387857576739,0.6559708295350957,0.6465837748058019,0.35041020966271663,0.25517203758760787
STRK,2024-02-20,2024,920,-0.03372621052094493,-0.025702867104255067,-0.01632736364100207,-0.005707080654305696,-0.004898209092300654,-0.008053119454475954,-0.07275881422521557,-0.09281165451323914,0.322312362875657,0.27663239510670024,0.06597275371192413,0.1003956164447738
GLM,2024-02-22,2024,918,-0.0823625033866161,-0.07174222039991973,0.10701706854510973,0.10386215818293443,0.05743700894066639,0.010421327874618136,0.9363316174478462,0.9179789121726927,0.7120021674342998,0.689284303058999,0.3270116499593607,0.32396743600266587
PORTAL,2024-02-29,2024,911,-0.046064699016174826,-0.06611753930419839,-0.01117225279306322,-0.029524958068216756,-0.14340503585125886,-0.07679830401766308,0.05515257628814396,0.045765521558850164,-0.1899699849924963,-0.28520815706760505,-0.19247123561780888,-0.1887303696252134
AXL,2024-03-01,2024,910,-0.0040504278264391624,0.002207721222264425,0.11255126322717834,0.03154427509039137,0.11538656270568559,0.07804072585586885,0.14576477140397937,0.10008480363502259,0.015897929218773754,0.05032079195162342,0.04592172548225393,0.02121109785902031
METIS,2024-03-12,2024,899,0.015883872929016274,-0.006833991446284493,-0.13178294573643423,-0.10514678756806362,-0.20109439124487005,-0.24848310756137615,-0.24099407204742362,-0.21484358966951345,-0.257561939504484,-0.2342585469901559,-0.3393372853017176,-0.3304806788533724
AEVO,2024-03-13,2024,898,-0.0619195046439629,-0.03905399285361277,-0.11145510835913308,-0.05105155534427519,-0.27554179566563475,-0.26403085084482947,-0.2557275541795666,-0.25877176813626146,-0.04551083591331262,0.014671373555840805,-0.4117647058823529,-0.37009357847944346
BOME,2024-03-16,2024,895,-0.11444220236379354,-0.16183091868029964,-0.4582492553089267,-0.374212897047029,-0.3353031613337176,-0.30088029860086796,-0.3497165369462861,-0.35148425885903,-0.33559142884596904,-0.32589364858931813,-0.5960891707504564,-0.5622071391087354
ETHFI,2024-03-18,2024,893,-0.03203074951953877,0.05200560874235893,0.22357463164638047,0.25799749437923014,0.3549007046764896,0.35185649071979475,1.2475976937860347,1.2288136989404517,0.8334401024983986,0.8267479502116595,0.13228699551569512,0.17165812387764912
ENA,2024-04-02,2024,878,0.4689119170984455,0.4617888293482941,0.3160621761658031,0.32575995642245403,0.5414507772020725,0.5347586249153333,0.6528497409326426,0.694520868335552,0.3562176165803108,0.3274805146925417,0.032383419689119286,0.019879046331272354
W,2024-04-03,2024,877,-0.17723453017570667,-0.21540229554247647,-0.19098548510313218,-0.20684820380710434,-0.24293353705118403,-0.2763189156480379,-0.585485103132162,-0.5378700984551165,-0.5472116119174942,-0.5413459076436317,-0.43628724216959514,-0.500941940010091
TNSR,2024-04-08,2024,872,0.0996376811594204,0.13436362370278065,-0.15217391304347827,-0.1433173065951331,-0.44565217391304346,-0.39803716923599797,-0.4842995169082125,-0.5200601549021557,-0.45772946859903374,-0.45248357212941015,-0.5309782608695652,-0.5127090301003345
SAGA,2024-04-09,2024,871,-0.06648782123586261,-0.088057630440465,-0.37487424930646585,-0.3332031219035564,-0.32298875102886926,-0.34920407578015833,-0.34210285644605676,-0.34749965682433726,-0.4508733957260007,-0.4628264836995235,-0.5557418528793099,-0.5866814371358
TAO,2024-04-11,2024,869,-0.13943470253823376,-0.0977635751353243,-0.05936424053166789,-0.08557956528295696,-0.19859075986868446,-0.20446367583534952,-0.2401473296500921,-0.24038462802351968,-0.39050364320602127,-0.35186302274014425,-0.40019216910881583,-0.40070386657879264
REZ,2024-04-30,2024,850,-0.04559650218613365,-0.006955881720256629,0.1480324797001873,0.08337778185969147,0.08869456589631497,0.08675607766660254,-0.11992504684572136,-0.0838902110564046,-0.19362898188632105,-0.2725412304876067,-0.14553404122423474,-0.15610923546475775
BB,2024-05-13,2024,837,-0.1743589743589743,-0.15271607895411576,-0.26711259754738015,-0.25264045230911947,-0.2156075808249721,-0.21418775401099766,-0.1692307692307693,-0.15161713368797824,0.474247491638796,0.47414867041376674,0.1843924191750279,0.17028680232909488
NOT,2024-05-16,2024,834,-0.07813534631174679,-0.1051571517418678,-0.2653953118792214,-0.2557444041257524,-0.252284465633691,-0.2341263076155986,-0.28115481393192965,-0.2697560281096475,1.8718050589325914,1.8639657276772783,1.7847967156667992,1.7821619368897907
TURBO,2024-05-30,2024,820,0.2760493827160495,0.2881044976606788,0.09251028806584372,0.09241146684081447,0.05991769547325121,0.0348114521724614,0.08197530864197544,0.07735214813639835,-0.17086419753086424,-0.16754263191305918,-0.3134156378600822,-0.3225601327947004
IO,2024-06-11,2024,808,0.3643783005280845,0.3502726836821515,0.23139702352376368,0.242584846285413,0.27988478156505026,0.27324114135162003,-0.1108977436389823,-0.09964169158359637,-0.2686029764762362,-0.27047660232462534,-0.41358617378780604,-0.4068019015158113
ZK,2024-06-17,2024,802,0.03239436619718328,0.05228391384198472,-0.06901408450704216,-0.06778821685146785,-0.14553990610328638,-0.14734890117533428,-0.24319248826291073,-0.25669723110756604,-0.30845070422535215,-0.26748086775427893,-0.21784037558685443,-0.20316109547610217
MEW,2024-06-17,2024,802,-0.1478422465414001,-0.12795269889659866,-0.2060706173859178,-0.2048447497303435,-0.1835639066694198,-0.1853729017414677,-0.09828618624819319,-0.11179092909284849,-0.3076605409869916,-0.26669070451591836,-0.206896551724138,-0.19221727161338575
LISTA,2024-06-20,2024,799,-0.03716366879738353,-0.025907616741997597,-0.152371042069273,-0.13610236211908622,0.07165155344135576,0.04669535371212108,0.06005648877657199,0.030808705809683312,-0.2286308904415043,-0.22318134612130136,-0.1143154452207521,-0.12133502710761956
ZRO,2024-06-20,2024,799,-0.11589982527664533,-0.1046437732212594,-0.18375072801397796,-0.1674820480637912,-0.1942341292952825,-0.21919032902451718,0.011939429237041388,-0.017308353729847292,0.16948165404775772,0.17493119836796067,0.5416423995340709,0.5346228176472034
RENDER,2024-07-26,2024,763,-0.04615157770569145,-0.04602341507172836,-0.09289295193158353,-0.0714095647248637,-0.15364199351223828,-0.13010032967964025,-0.39088764376290175,-0.31966164646307116,-0.3305809495723975,-0.31119242718207285,-0.06885874373341194,-0.070008213838611
BANANA,2024-08-15,2024,743,0.17008264462809897,0.14671494105834704,0.21900826446280997,0.23714391611032082,0.14363636363636356,0.15063317332010973,0.06942148760330569,0.06827201749810663,-0.12935064935064933,-0.13793000007708311,-0.016340023612750887,-0.00819859229553288
RARE,2024-08-15,2024,743,0.4719211822660099,0.44855347869625795,1.4788177339901476,1.4969533856376585,1.3034482758620687,1.310445085545815,1.4571428571428573,1.4559933870376582,0.43743842364532015,0.42885907291888636,0.42068965517241375,0.42883108648963175
G,2024-08-15,2024,743,0.08384677203321722,0.06047906846346529,0.11893919099919636,0.13707484264670722,0.10822394856683615,0.11522075825058231,0.14170908116796133,0.14055961106276227,-0.09777658719528526,-0.10635593792171905,-0.031342084114653224,-0.023200652797435217
SYN,2024-08-16,2024,742,0.08424415671767282,0.0738185167114882,-0.06658819572893893,-0.08385998884419843,-0.06003026736169492,-0.09626280255409803,-0.08138557255759205,-0.05984645911036801,-0.3265512022868673,-0.2955026871483215,-0.20749957961997645,-0.19309927276919936
BRETT,2024-08-20,2024,738,-0.00011178180192261689,-0.03634431699432572,0.1484462329532752,0.08763420178172399,0.04638944779789855,0.045239977692699496,-0.08640733288620617,-0.08258252235676755,-0.12754303599374028,-0.16712027579855293,-0.08003577017661523,-0.09933753108164045
POPCAT,2024-08-22,2024,736,0.2699776593916481,0.20916562822009688,0.3062381852551985,0.30508871514999947,0.16343014263619193,0.21793150871290878,-0.07973878673311563,-0.0513413309334213,0.026808730022340743,0.032070051584385584,0.5796528613163774,0.5773592579214011
SUN,2024-08-22,2024,736,0.46092132505175964,0.40010929388020844,0.5614648033126293,0.5603153332074302,0.3756901311249137,0.4301914972016305,0.4272774327122153,0.4556748885119096,0.0669427191166323,0.07220404067867714,0.03894927536231885,0.03665567196734254
DOGS,2024-08-26,2024,732,0.012606417812704773,0.06710778388942162,0.07023575638506885,0.06492818139777867,0.044531761624099664,0.047144446343786006,-0.1294204322200393,-0.09837191708149351,-0.16232809430255402,-0.14792778745177693,-0.3217910936476751,-0.3042841551593395
FLUX,2024-09-03,2024,724,-0.03864495971057391,-0.0472243104370077,-0.12892616345995733,-0.08942180248485154,-0.04703173820095374,-0.060049218606385235,-0.005920078934385731,-0.04652802770970965,0.043578358822562224,0.047612444010358024,-0.11708600559118554,-0.11881143472157585
RPL,2024-09-09,2024,718,-0.033476394849785485,-0.04398507753703329,-0.12188841201716738,-0.13569150418901665,-0.12017167381974247,-0.11203024250252447,-0.11502145922746776,-0.13432322013249298,-0.0051502145922747156,-0.0012837614287716237,-0.1436051502145923,-0.1190556851267226
POL,2024-09-13,2024,714,-0.012907939600584561,-0.004766508283366555,-0.08548465660009741,-0.07002793457574907,-0.05090112031173899,-0.07502646660659151,-0.011446663419386383,-0.007412578231590583,-0.08475401850949826,-0.08647944763988857,-0.10789089137847052,-0.10256925024892771
1MBABYDOGE,2024-09-16,2024,711,0.14948564080582938,0.11349822093541162,0.24110587226746683,0.2218041113624416,0.04763180454350624,0.04533820114852993,0.18795542220317185,0.15593940151823693,0.11369481354479194,0.1013413516894508,0.5118945563651951,0.5037223234617778
NEIRO,2024-09-16,2024,711,0.9178272980501392,0.8818398781797214,1.5590529247910867,1.5397511638860615,1.254317548746518,1.2520239453515416,1.9498607242339836,1.9178447035490487,2.664902506963788,2.652549045108447,4.471866295264624,4.463694062361206
FIDA,2024-09-19,2024,708,-0.023754345307068325,-0.027708139312493607,-0.16975666280417145,-0.1735121546978048,0.08024333719582843,0.06537650834365949,-0.01593279258400926,-0.012066339420506167,-0.3218424101969872,-0.2972929451091175,-0.3009849362688297,-0.30024379271502444
CATI,2024-09-20,2024,707,-0.007464324917672904,-0.009757928312649211,-0.10581778265642161,-0.10178369746862581,-0.18540065861690458,-0.16789372012856896,-0.3949506037321625,-0.3604978744323962,-0.5572996706915478,-0.5521318996310657,-0.5039517014270033,-0.5136507670690508
HMSTR,2024-09-26,2024,701,0.047105911330049155,0.03773520981698164,-0.11376231527093594,-0.10989586210743285,-0.2752463054187192,-0.23524731633184237,-0.22783251231527102,-0.24018597417061216,-0.3943965517241379,-0.4025687846275552,-0.5680418719211823,-0.5741772277718217
EIGEN,2024-10-01,2024,696,-0.19014435042309608,-0.18760719808865256,-0.1097560975609756,-0.1316112135551265,-0.181184668989547,-0.19353813084488813,-0.023394723743155765,-0.06014513672505095,-0.13588850174216027,-0.1119635871158412,-0.3175709308113489,-0.28955257533995327
DIA,2024-10-02,2024,695,-0.1143154452207521,-0.11604087435114241,0.25583469600118924,0.2563390921439286,0.09276051731826973,0.10229398878554208,0.18462910658540221,0.17395864313213938,0.57514493830831,0.5745868164477457,0.3115801991972649,0.323331872573553
1000CAT,2024-10-21,2024,676,0.037868162692846985,0.03731004083228262,0.11949509116409529,0.09658940270306449,-0.032258064516129004,-0.038393420366768405,-0.2215988779803647,-0.19358052250896907,0.035904628330995614,-0.012806100445360569,0.27910238429172507,0.257961094717464
SCR,2024-10-22,2024,675,-0.18809318377912,-0.17683015830972837,-0.30457290767903367,-0.28240896786637837,-0.3106125970664365,-0.3243411685376062,-0.4365832614322692,-0.4248315880559811,-0.3139775668679896,-0.41743360467423263,-0.3745470232959448,-0.4178059745940951
GOAT,2024-10-24,2024,673,0.06467661691542292,0.08684055672807822,-0.10010553294135383,-0.1138341044125235,0.0003015226895823897,-0.039725643452825476,-0.1991557364691693,-0.19044693425023385,0.2466455600783959,0.21889468479989804,0.2161917684305743,0.2282811646582863
MOODENG,2024-10-25,2024,672,0.17817073733782718,0.17203538148718778,-0.07576527078812512,-0.10440662293527048,0.08222909644951293,0.0875975688750864,-0.3767948658756176,-0.36329622926409244,1.0459393323791497,1.0794587371569868,0.8128722471028209,0.810468575594361
SAFE,2024-10-25,2024,672,-0.012031995698057463,-0.018167351548696864,-0.18915103851582982,-0.21779239066297518,-0.17402702157693095,-0.16865854915135747,-0.30174094239429994,-0.28824230578277477,-0.3217718626067084,-0.28825245782887143,-0.2811722793573974,-0.2835759508658573
SANTOS,2024-10-28,2024,669,0.004106374657802059,-0.03592079148460581,-0.09346890887759085,-0.06545055340619521,-0.1798983183418068,-0.17804352198808615,-0.12631990614000776,-0.13001797930496295,-0.1986703167774736,-0.19046893840753332,-0.1664059444661713,-0.20861134451442098
COW,2024-11-06,2024,660,-0.01893649579188983,-0.022634568956845014,-0.09257842387146142,-0.09510057935339067,-0.17482785003825563,-0.27828388784449865,-0.24196633511859234,-0.2372306568943673,-0.2280030604437644,-0.21680001737662769,-0.023527161438408717,-0.05240300356456151
CETUS,2024-11-06,2024,660,0.2970644224025649,0.29336634923760974,0.45209230871990136,0.4495701532379721,0.2563871355575593,0.1529310977513163,0.22562869451958734,0.23036437274381238,0.22997027685936633,0.24117331992650304,0.47146244531276094,0.44258660318660814
1000000MOG,2024-11-07,2024,659,-0.05182323565438607,-0.06003316085811827,-0.04871384151512281,-0.097424570291479,-0.14138320927164794,-0.1328527304761259,0.16248939979270705,0.17069077816264733,0.21153302553472164,0.16932762548647196,0.8067935550739662,0.8058246414695975
GRASS,2024-11-08,2024,658,0.049451950038236214,0.04692979455630697,0.10980117257201139,0.006345134765768368,-0.07793780270201367,-0.10568867798051151,-0.23808309966862096,-0.2448406155279268,0.1561623757328574,0.1583603795950046,-0.04992990058628599,-0.06295102588058266
DRIFT,2024-11-08,2024,658,0.28409661004801845,0.2815744545660892,0.15014692180892997,0.04669088400268695,-0.08069949114885688,-0.10845036642735473,0.11409732673976913,0.1073398108804633,0.006736902458252869,0.00893490632040006,0.1598222604457824,0.14680113515148574
ACT,2024-11-11,2024,655,0.24775852431526002,0.25628900311078207,0.6915818893236445,0.7251012941014815,0.5121296813862495,0.5168653596104745,0.13323644494130793,0.08997749364315766,0.33415315818893254,0.3259645167674674,0.21976523197316955,0.17304900132051482
PNUT,2024-11-11,2024,655,0.13219610751643174,0.14072658631195378,3.5178384184547706,3.5513578232326077,3.318559627631007,3.323295305855232,2.450832459527889,2.407573508229739,2.10554717270658,2.0973585312851153,2.3137515664561006,2.267035335803446
BAN,2024-11-18,2024,648,-0.10049365303244018,-0.12069642098290612,-0.40056417489421725,-0.4438231261923675,-0.49717912552891397,-0.485089729301202,-0.5398448519040903,-0.5376468480419431,-0.5119887165021157,-0.5250098417964124,-0.8018335684062059,-0.7462736134311223
AKT,2024-11-18,2024,648,0.07997895290712975,0.059776184956663814,0.022625624835569624,-0.020633326462580648,0.024993422783478048,0.03708281901119004,0.15338068929229154,0.15557869315443873,0.20626151012891336,0.1932403848346167,-0.1496974480399894,-0.09413749306490582
1000CHEEMS,2024-11-25,2024,641,-0.07837445573294632,-0.06717141266580962,0.005805515239477588,0.008003519101624779,-0.007111756168360017,0.0035654331835739406,0.19579100145137884,0.2126989104569713,0.16124818577648758,0.13087365800501183,0.5219158200290275,0.5142860789434041
THE,2024-11-27,2024,639,0.07226868792472563,0.07446669178687282,0.01992943021432314,0.0306066195662571,-0.1980527966544694,-0.18392028663802973,-0.17093570308416106,-0.17190461668852974,-0.5158782017773131,-0.5163630013306186,-0.5446288552012546,-0.5290457281320855
MORPHO,2024-11-27,2024,639,-0.24451031395559863,-0.24231231009345144,-0.0895892565483033,-0.07891206719636934,-0.17016514427439366,-0.156032634257954,0.3530941866795718,0.35212527307520314,0.5908293509164599,0.5903445513631544,0.8283225455205372,0.8439056725897063
CHILLGUY,2024-11-27,2024,639,-0.14553492484526964,-0.14333692098312245,-0.21609195402298842,-0.20541476467105446,-0.25481874447391695,-0.24068623445747728,-0.20618921308576477,-0.20715812669013345,-0.5179487179487179,-0.5184335175020234,-0.7071618037135279,-0.6915786766443588
KAIA,2024-12-04,2024,632,-0.07974573822594633,-0.06283782922035386,-0.08350187806992204,-0.08447079167429072,-0.2614851199075412,-0.22343274836603932,-0.1924299335452181,-0.1925197020116275,-0.3267841664258885,-0.3664853716617543,-0.33718578445535974,-0.34933624723928214
AERO,2024-12-04,2024,632,0.024025900261274602,0.04093380926686707,0.25377712143587416,0.2528082078315055,0.16125184596160413,0.199304217503106,0.1455753720322619,0.1454856035658525,-0.06270589571736906,-0.10240710095323491,-0.09837555378848117,-0.11052601657240357
ORCA,2024-12-06,2024,630,-0.10227435273923613,-0.10324326634360481,-0.319839794020884,-0.28178742247938215,-0.19267629809755393,-0.23939252875020867,-0.3221284508653983,-0.3370891441041759,-0.4780431983979402,-0.4415297051996311,-0.4092404520097268,-0.4109415272522574
MOVE,2024-12-09,2024,627,0.0009509577503057365,0.00862129060392236,-0.11846216546664845,-0.10725812413956926,-0.13449259611465836,-0.13458236458106776,0.013041706289906418,0.040459053474155904,0.30226871349001505,0.3186356537613383,0.22429017796495043,0.24395788431748955
RAYSOL,2024-12-10,2024,626,0.10293456492418374,0.056218334271529,0.0816201414149671,0.06772269546447984,0.11057751256794868,0.08020298479647292,-0.03190011035271989,-0.035287004509198416,0.0053745861773000225,0.015414073904087666,-0.008194711243715957,0.018203475972707883
VELODROME,2024-12-13,2024,623,-0.1287436084733381,-0.1288333769397475,-0.2340759678597516,-0.24903666109852918,-0.2693571950328707,-0.2137972400577871,-0.3243973703433163,-0.3213244408136616,-0.36468224981738495,-0.3899156743248702,-0.5236669101533966,-0.5230049141190277
MOCA,2024-12-16,2024,620,-0.22783323546682321,-0.2283180350201287,-0.10569583088667067,-0.07827848370242119,0.6576629477392835,0.6628038783847944,1.0986494421608923,1.1351629353592014,0.8438050499119201,0.8421039746693895,0.3253082795067528,0.2844327255767378
VANA,2024-12-16,2024,620,-0.4478236607142857,-0.4483084602675912,-0.5277157738095238,-0.5002984266252744,-0.4285404265873016,-0.4233994959417907,-0.3770771329365079,-0.3405636397381988,-0.4467075892857143,-0.4484086645282449,-0.6009424603174603,-0.6418180142474753
PENGU,2024-12-17,2024,619,0.24219267943752398,0.2977526344126076,-0.029170592135105866,-0.03255748629158439,-0.09347848843295303,-0.07180194121708816,0.18266513137234375,0.19824825844151284,0.5023203880107472,0.4632702335469572,0.14016539307023956,0.1453674635460509
LUMIA,2024-12-18,2024,618,-0.11584633853541404,-0.08842899135116455,-0.14225690276110436,-0.13711597211559345,-0.1212484993997599,-0.11817556987010525,-0.15666266506602633,-0.16727386464505822,-0.23949579831932777,-0.18801723687310135,-0.2599039615846338,-0.3009806756076122
USUAL,2024-12-18,2024,618,0.5184052315156629,0.5458225786999124,0.1284674612382659,0.13360839188377682,0.3524944626094293,0.35556739213908395,0.13500685581689686,0.12439565623786497,-0.1829975740955596,-0.1315190126493332,-0.4234785360194073,-0.46455525004238574
AIXBT,2024-12-20,2024,616,-0.05439461044226812,-0.04925367979675721,0.034682802070987284,0.03775573160064194,0.10963133928014468,0.10200159819452126,0.6615931632462104,0.6716326509729981,0.22824527478011336,0.2546434619965372,1.0715176844863077,1.1022550345570568
FARTCOIN,2024-12-20,2024,616,-0.24123222748815165,-0.23609129684264074,-0.24047393364928904,-0.23740100411963438,0.1274881516587678,0.11985841057314439,-0.1644549763033175,-0.15441548857652987,-0.17734597156398102,-0.15094778434755718,1.051469194312796,1.0822065443835451
KMNO,2024-12-20,2024,616,-0.11729758149316505,-0.11215665084765414,-0.11945320715036811,-0.11638027762071346,-0.0905362776025237,-0.09816601868814712,-0.24616193480546789,-0.23612244707868024,-0.4308096740273397,-0.4044114868109159,-0.29100946372239755,-0.2602721136516484
CGPT,2024-12-20,2024,616,0.11846401471602674,0.12360494536153765,0.07491377328121396,0.07798670281086861,0.11965969188319159,0.11202995079756817,0.1540584042308577,0.16409789195764535,-0.021614164175672634,0.004784023040751206,0.2475511611864798,0.278288511257229
HIVE,2024-12-23,2024,613,-0.013204517772118285,-0.05290572300798413,-0.06652087255010519,-0.030007379351796093,-0.02854058243826818,-0.039151782017300074,0.006754512235632726,-0.0184789122718525,0.41174842210164986,0.41241041813601875,0.09782969770789496,0.1209141960563771
DEXE,2024-12-24,2024,612,-0.08600761490345399,-0.09363735598907741,-0.17017949415284195,-0.15459636708367286,-0.1523660592874626,-0.13599911901613937,0.26665760130541183,0.25450713852148943,-0.07281751427794392,-0.07266301675995723,0.3141827576828937,0.31226118152741567
PHA,2024-12-30,2024,606,-0.04553512883405797,-0.05404748285139083,-0.1828933627996212,-0.20812678730710643,-0.15263375185176198,-0.15291394752003873,-0.26675085606042215,-0.2403526688439983,-0.38667217135779686,-0.3559348212870477,-0.5318260193797508,-0.5557064454477842
GRIFFAIN,2025-01-02,2025,603,0.08048097128181175,0.06833050849788935,-0.09845902404856421,-0.10016009929109482,0.01879523698342278,0.0702737984296492,-0.21141723091291154,-0.21075523487854264,0.21316833994863393,0.23625283829711607,-0.6261732430539342,-0.6088250773531166
ZEREBRO,2025-01-02,2025,603,-0.10068821065230404,-0.11283867343622644,-0.2766307600239378,-0.27833183526646843,-0.3818073010173548,-0.3303287395711284,-0.5988928785158587,-0.5982308824814898,-0.7426690604428486,-0.7195845620943665,-0.9096349491322562,-0.8922867834314386
BIO,2025-01-03,2025,602,-0.14226095495274338,-0.14254115062102013,-0.11697557383085788,-0.1560257282946479,-0.2937277525469497,-0.2740600461944106,-0.5203142260954953,-0.5201597285775086,-0.6712900454154904,-0.6732116215709685,-0.8033632011783478,-0.7741485408679811
COOKIE,2025-01-07,2025,598,-0.18212183871480836,-0.16245413236226924,-0.07571178622554486,-0.09916542539883,-0.25799268331477654,-0.25733068728040764,-0.21441068872276126,-0.25548740274573967,-0.5330046126928583,-0.5277511076748249,-0.749483060283124,-0.7490884591720267
ALCH,2025-01-07,2025,598,-0.19932666600653526,-0.17965895965399614,-0.33409248440439643,-0.35754612357768156,-0.4741558570155461,-0.4734938609811772,-0.4280126745222299,-0.4690893885452083,-0.7522526982869591,-0.7469991932689257,-0.8711753638974156,-0.8707807627863183
SWARMS,2025-01-07,2025,598,-0.3389758781210326,-0.31930817176849347,-0.3165467625899281,-0.3400004017632132,-0.49259415996614475,-0.49193216393177586,-0.626322471434617,-0.6673991854575954,-0.8110452814219213,-0.805791776403888,-0.9265763859500635,-0.9261817848389663
SONIC,2025-01-08,2025,597,-0.14284097340124502,-0.11644278618482118,-0.08092812676853411,-0.07973457616674162,-0.19977362761743067,-0.199619130099444,-0.15540464063384263,-0.16003544054733954,-0.5113752122241086,-0.5041051617542558,-0.6736842105263158,-0.6730563295004451
PROM,2025-01-15,2025,590,-0.08210447388152975,-0.07690240340571841,-0.15733566608347915,-0.16196646599697606,-0.31267183204198956,-0.3219116518057875,-0.32404398900274944,-0.32303166266537664,-0.4548862784303924,-0.41950599318066806,-0.29805048737815554,-0.3072105381649153
S,2025-01-16,2025,589,-0.004724811646022231,-0.04580152566900064,-0.2794023751755842,-0.248665025104835,-0.2269186566211211,-0.26473763721333043,-0.3426126931426382,-0.32215558630609265,-0.4392797854680117,-0.4274416810384708,-0.3422296003064743,-0.3431829576328046
SOLV,2025-01-17,2025,588,-0.19692307692307687,-0.20155387683657378,-0.4046153846153847,-0.41385520437918266,-0.4192307692307693,-0.39614627088228715,-0.543076923076923,-0.5378234180588897,-0.7369230769230769,-0.7365284758119797,-0.7369230769230769,-0.7218417752765391
ARC,2025-01-17,2025,588,0.3412382700938392,0.3366074701803423,0.12127702978376176,0.1120372100199638,0.2612964096287229,0.28438090797720506,-0.11727356181150561,-0.11202005679347227,-0.5932527539779682,-0.5928581528668709,-0.33667380660954715,-0.3215925049630094
AVAAI,2025-01-17,2025,588,0.1270533642691416,0.12242256435564469,-0.10139211136890958,-0.11063193113270753,-0.08194895591647333,-0.05886445756799119,-0.5135498839907192,-0.5082963789726859,-0.837354988399072,-0.8369603872879747,-0.8134106728538283,-0.7983293712072905
TRUMP,2025-01-18,2025,587,0.6387668295426583,0.6695041796134075,0.5377719970471402,0.49995301645493084,0.21988258867367372,0.21796101251819566,-0.039301156536717397,-0.032031106066864545,-0.41768903575069416,-0.4170611547248235,-0.39631595598832925,-0.39294539169465914
MELANIA,2025-01-20,2025,585,0.10280869104398516,0.06498971045177582,-0.27239003709591947,-0.2743116132513975,-0.27450980392156865,-0.27349747758419585,-0.4401165871754107,-0.44955455234741937,-0.6144674085850557,-0.6145887628992017,-0.6759406465288818,-0.6861475026916894
VTHO,2025-01-22,2025,583,-0.08741975140008196,-0.08934132755556001,-0.277284523972135,-0.2762721976347622,-0.30911077721622726,-0.3038572721981939,-0.20489004234394215,-0.1875418766431246,-0.4620953421663708,-0.44517386406837867,-0.5495150935664527,-0.5278872332183103
ANIME,2025-01-23,2025,582,-0.2867052023121387,-0.29579400200327355,-0.37109826589595374,-0.3506411590594082,-0.48092485549132946,-0.4736548050214766,-0.6104046242774566,-0.5811899639670899,-0.676300578034682,-0.6980792211966957,-0.7005780346820809,-0.7044832484649681
PIPPIN,2025-01-24,2025,581,0.23166160985186512,0.23267393618923793,-0.0819203997858291,-0.07666689476779576,-0.3463323219703731,-0.37021274803840654,-0.5909334285204355,-0.6280932972547248,-0.7688738175977156,-0.7560364888498484,-0.7848474031768695,-0.7818951725277621
VVV,2025-01-29,2025,576,-0.30527771866354547,-0.31471568383555415,-0.5763992338795488,-0.5590510681787313,-0.4144498829538199,-0.45160975168810924,-0.2245158544371142,-0.2240741954165396,-0.4359438178335816,-0.4346779315878744,-0.5701213024047669,-0.5657690138805175
BERA,2025-02-06,2025,568,-0.10596180717279913,-0.10533392614692849,-0.3969492314857941,-0.39707058579994015,-0.3246390312063344,-0.30771755310834226,-0.34711224965067533,-0.33203094800413757,-0.13879832324173258,-0.08881360994929155,-0.2128551467163483,-0.20629520352077646
TST,2025-02-09,2025,565,-0.2619893428063944,-0.2718997796703986,-0.16074600355239788,-0.1825246467144116,-0.49023090586145657,-0.4993909566482163,-0.6678507992895204,-0.6780576554523281,-0.6216696269982238,-0.6419318820978921,-0.736234458259325,-0.7913231841750308
LAYER,2025-02-11,2025,563,0.08664379772048258,0.06486515455846886,-0.11154144074360961,-0.12070149153036935,-0.17704990594223735,-0.1619686042956996,-0.24178377780236793,-0.22015591745422558,0.035852605953303085,0.12107720127418087,0.32997676219984506,0.3605276782012654
HEI,2025-02-13,2025,561,0.02041864646205216,0.011258595675292415,-0.10299216643123144,-0.08791086478469368,-0.2534994221137793,-0.25223353586807207,-0.2433543084628227,-0.24040207781371525,-0.3787081032490047,-0.41676375973257596,-0.31013227173494284,-0.31445799088128323
GPS,2025-02-17,2025,557,-0.031020408163265234,-0.029754521917558008,0.0759183673469388,0.05878654267147976,0.04897959183673484,0.04507437805384762,0.10857142857142854,0.10311354724115906,-0.6710204081632654,-0.6072515489573971,-0.7240816326530612,-0.7742073794827773
SHELL,2025-02-17,2025,557,0.19586840091813307,0.1971342871638403,0.011731701096659108,-0.005400123578799931,0.1226727875541953,0.11876757377130809,0.526906401428207,0.5214485200979375,-0.2586074980872226,-0.19483863888135433,-0.22723794950267795,-0.277363696332394
KAITO,2025-02-20,2025,554,-0.13163184503867942,-0.11000398469053707,-0.04403971492964609,-0.041087484280538655,0.05494304684168849,0.08636320430307431,0.29006517634159734,0.1945493097389559,-0.09142961564232188,-0.10041316128988031,-0.1919351891332155,-0.18901550889412044
RED,2025-03-06,2025,540,-0.054943440575877744,-0.02007775246247412,-0.2851476421330983,-0.22137878292723,-0.3201116497722932,-0.375200375687999,0.14044366093727056,0.16133618064892918,-0.14485088879095054,-0.13917386995835623,-0.40546496253856323,-0.4012293973851493
EPIC,2025-03-13,2025,533,0.16366704161979762,0.12846465006718755,-0.021434820647419084,-0.0005423009357604647,-0.13942007249093868,-0.12397515574794882,-0.15998000249968758,-0.18670039713055053,-0.21841019872515943,-0.18744483064282025,-0.1372328458942632,-0.1595348117534855
BMT,2025-03-17,2025,529,0.8339076498966229,0.8493525666396128,0.37973811164713966,0.4099904564284892,0.17643004824259112,0.17934972848168618,-0.004824259131633424,-0.008477834778145787,-0.3976567884217781,-0.33639060547226896,-0.4734665747760166,-0.4780271049600765
MUBARAK,2025-03-17,2025,529,-0.13602305475504317,-0.1205781380120533,-0.255907780979827,-0.2256554361984775,-0.26974063400576365,-0.2668209537666686,-0.3873198847262247,-0.39097346037273706,-0.7711815561959654,-0.7099153732464563,-0.8593659942363112,-0.8639265244203711
FORM,2025-03-19,2025,527,0.07457802273510161,0.10483036751645114,0.06757377425651612,0.07049345449561117,0.4058445286485246,0.3893506801381079,0.26650591342289576,0.2875545405987463,0.11878516477207501,0.15469747207558782,0.19032035825008609,0.19613794053825662
TUT,2025-03-20,2025,526,-0.18008415147265078,-0.17850070766649373,-0.33688639551192145,-0.3636067901427844,-0.5074333800841515,-0.5063632181649945,0.12117812061711075,0.12422758390430866,-0.10743338008415149,-0.18987470546794316,-0.2936886395511922,-0.30110267160482795
BROCCOLI714,2025-03-21,2025,525,-0.06627565982404704,-0.06335597958495198,0.13235581622678394,0.11586196771636725,-0.03597262952101665,-0.030295610688422348,-0.054545454545454564,-0.05654538654533792,-0.45669599217986323,-0.42003449171974794,-0.4825024437927664,-0.4835830240373139
BROCCOLIF3B,2025-03-21,2025,525,-0.2520803994366918,-0.24916071919759675,-0.27444202620236413,-0.2909358747127808,-0.4036615030085776,-0.3979844841759833,-0.44616566380745104,-0.4481655958073344,-0.3817266248453036,-0.3450651243851883,1.6617163828788462,1.6606358026342987
BR,2025-03-21,2025,525,-0.07348938486663048,-0.07056970462753542,-0.060424605334785,-0.07691845384520168,-0.19161676646706594,-0.18593974763447163,-0.4333151878062058,-0.43531511980608917,-0.6287425149700598,-0.5920810145099445,-0.7578660860097985,-0.758946666254346
PLUME,2025-03-21,2025,525,-0.05191532258064513,-0.04899564234155007,-0.029737903225806384,-0.04623175173622307,-0.10534274193548387,-0.09966572310288957,-0.14768145161290325,-0.1496813836127866,-0.19254032258064513,-0.15587882212052984,-0.1406249999999999,-0.14170558024454738
SIREN,2025-03-22,2025,524,-0.14164268898770604,-0.168363083618569,-0.23214752811927808,-0.2310773662001211,-0.4805126863719592,-0.48416626201847157,-0.4722730839654722,-0.5038227552473215,-0.33481558985090243,-0.3828056652906324,-0.23267067747842007,-0.26000486588605554
BANANAS31,2025-03-22,2025,524,-0.027889908256880758,-0.05461030288774371,0.07743119266055043,0.07850135457970742,0.20550458715596331,0.20185101150945095,-0.04825688073394496,-0.07980655201579423,0.02348623853210996,-0.024503836907620036,-0.0431192660550459,-0.07045345446268136
NIL,2025-03-24,2025,522,-0.13602638087386643,-0.13495621895470944,-0.14275899972519923,-0.1464125753717116,-0.29953283869194824,-0.2784842115160977,-0.42346798571036004,-0.4319107226410299,-0.4585050838142347,-0.4406245190882563,-0.46812311074471014,-0.47055553131365246
PARTI,2025-03-25,2025,521,0.04542682926829267,0.05110384810088697,-0.05060975609756102,-0.01837714546713054,-0.21371951219512197,-0.21067004890792407,-0.42652439024390254,-0.4346968805211878,-0.5109756097560976,-0.521012198749297,-0.46432926829268295,-0.4675279576310616
JELLYJELLY,2025-03-26,2025,520,-0.1123152709359605,-0.11596884658247286,-0.26403940886699506,-0.24299078169114452,-0.23004926108374368,-0.23204919308362704,-0.46798029556650245,-0.4637447304130885,-0.370935960591133,-0.3597572923097173,0.3339901477832514,0.32696162915906113
MAVIA,2025-03-26,2025,520,-0.07881136950904388,-0.08246494515555625,-0.19982773471145565,-0.1787791075356051,-0.1345822566752799,-0.13658218867516325,-0.19918173987941423,-0.1949461747260003,-0.5824720068906115,-0.5712933386091958,-0.38479758828596033,-0.39182610691015063
PAXG,2025-03-27,2025,519,0.010653927326865542,0.04288653795729602,0.016039788622940643,0.01908925191013855,0.0238731737643767,-0.007676497517472569,-0.01757767125304721,0.04368851169646193,0.10403612388135386,0.09947559369729397,0.08358555699163972,0.08375576201998258
WAL,2025-03-27,2025,519,-0.060850728633320306,-0.028618118002889825,-0.17762898779046865,-0.17457952450327074,0.07837731390311142,0.046827642621262155,-0.11992910594722328,-0.05866292299771414,-0.20421425758172507,-0.20877478776578495,0.05317053958251283,0.053340744610855695
GUN,2025-03-31,2025,515,-0.1858064516129032,-0.21735612289475248,-0.4309677419354838,-0.4394104788661537,-0.2799999999999999,-0.27576443484658597,-0.4516129032258064,-0.4149514027656911,-0.3460645161290322,-0.3471450963735797,-0.17458064516129035,-0.1737844676625403
ATH,2025-04-02,2025,513,0.07454289732770736,0.06610016039703748,0.07102672292545709,0.07526228807887103,-0.04078762306610417,-0.05035516994708389,0.053094233473980346,0.030792267614758062,0.016877637130801704,-0.05102188954241993,0.200070323488045,0.19584001815727947
BABY,2025-04-05,2025,510,-0.0023577491354919156,0.058908433814017225,0.14539453002200586,0.18130683732551867,0.312323168814838,0.3489846692749533,0.4421565545425967,0.4533352228240124,0.2220999685633449,0.2150714499391546,0.31279471864193664,0.3078440764911188
PROMPT,2025-04-11,2025,504,0.2885545405695864,0.2662525747103641,-0.0741536808167651,-0.08419026980996458,-0.23965609887157446,-0.24421662905563435,-0.3538420204191295,-0.38117620882676495,0.016120365394948877,-0.008296076128087915,-0.029822675980655577,-0.022988930389523654
STO,2025-04-12,2025,503,-0.06670991458536069,-0.048829349859382254,-0.008757703535517414,0.0024209647458982575,0.07817061303924744,0.06715739718021663,0.2167801924532382,0.14888066578001657,1.1200129743756082,1.1157826690448427,0.3951778570656286,0.4079900546928641
FHE,2025-04-12,2025,503,-0.3085463166416098,-0.2906657519156314,-0.12593963224239635,-0.11476096396098068,-0.20365444662888865,-0.21466766248791946,0.19035503642881912,0.12245550975559749,0.24285879495778873,0.2386284896270232,0.011333410431363378,0.02414560805859889
KERNEL,2025-04-14,2025,501,-0.2794840294840295,-0.26830536120261383,-0.34613022113022107,-0.3571434369892519,-0.335995085995086,-0.34340911804872176,-0.4671375921375922,-0.47033628147597084,-0.5110565110565111,-0.49463640861745095,-0.47512285012285016,-0.4691285379459128
WCT,2025-04-15,2025,500,0.5221052631578948,0.517544732973835,0.2315789473684211,0.23739652965659164,0.6912280701754387,0.6901474899308913,0.39719298245614043,0.39016446383195014,0.36035087719298264,0.3554002350421648,0.7715789473684214,0.7691006493907859
INIT,2025-04-16,2025,499,0.06174863387978147,0.050735418020750656,0.016256830601092842,0.008842798547457065,-0.011748633879781312,-0.039082822287416774,0.2536885245901639,0.25385872961850675,-0.1886612021857924,-0.21086049740938517,0.4360655737704917,0.43898030604032867
BANK,2025-04-18,2025,497,-0.09435534263695067,-0.10176937469058644,-0.028494063736721364,-0.05582825214435683,-0.2327223495105185,-0.23515477007946084,-0.24778171214330347,-0.2613563051669936,0.31091439283482636,0.2465798951010767,0.4426161216413249,0.410330392942339
DEEP,2025-04-22,2025,493,0.022160976432870294,0.019728555863927966,-0.016367624725800112,-0.023396143349990406,0.203892232409022,0.21318214514559164,0.05703357894144778,0.052803273610682266,0.11041115923280276,0.12322335686003827,0.13628438044884406,0.11755242747031569
HYPER,2025-04-22,2025,493,-0.1790055248618786,-0.18143794543082092,-0.2622467771639043,-0.2692752957880946,-0.2983425414364641,-0.28905262869989445,-0.3355432780847146,-0.33977358341548014,-0.3819521178637201,-0.36913992023648456,-0.38968692449355447,-0.40841887747208283
JST,2025-04-28,2025,487,-0.06242499999999995,-0.05432867383040785,-0.06482499999999991,-0.0892414415230367,-0.10902500000000004,-0.098409619833277,-0.07815000000000005,-0.14248449773374972,-0.11345000000000005,-0.145735728698986,-0.12767499999999998,-0.11696504043556166
SIGN,2025-04-28,2025,487,0.2501856895271106,0.2582820156967027,0.08318890814558055,0.05877246662254376,0.1466947264174301,0.15731010658415312,-0.023644466452092172,-0.08797896418584183,0.014978955186927267,-0.01730677351205867,-0.015350334241148844,-0.004640374676710524
PUNDIX,2025-04-30,2025,485,-0.15690866510538637,-0.18132510662842316,0.14695550351288067,0.1575708836796037,0.021272443403590913,0.01632180125277305,-0.12138953942232622,-0.13933072760711795,-0.1662763466042153,-0.17829644295450275,-0.36904761904761907,-0.3539831742262767
CTK,2025-04-30,2025,485,-0.06976744186046513,-0.09418388338350192,-0.13754152823920263,-0.1269261480724796,-0.1559246954595792,-0.16087533761039707,-0.09590254706533774,-0.11384373525012947,-0.22104097452934657,-0.233061070879634,-0.29634551495016614,-0.28128107012882375
AIOT,2025-04-30,2025,485,-0.030470914127423865,-0.054887355650460656,0.6330643542494678,0.6436797344161909,0.6418162110080694,0.6368655688572515,0.6842105263157894,0.6662693381309976,0.3825926371994057,0.3705725408491183,0.10698944156730494,0.12205388638864734
DOLO,2025-05-01,2025,484,0.14927757463878732,0.1450472693080218,-0.1250665625332812,-0.10864646009422108,-0.1839255919627959,-0.20612488718638866,-0.10069580034790016,-0.09386205475676823,-0.35168092584046284,-0.37798614465580094,-0.35047392523696264,-0.35619494495798243
HAEDAL,2025-05-01,2025,484,0.5706251961028825,0.566394890772117,0.06245524831653215,0.07887535075559227,0.3607890777733975,0.33858978254980476,0.038383870889884486,0.04521761648101641,0.42995406164267846,0.40364884282734037,0.04323515450895843,0.037514134787938636
SXT,2025-05-02,2025,483,-0.2472556700033851,-0.23664028983666208,-0.2723052371971565,-0.27725587934797435,-0.5618260070603027,-0.5637836739346165,-0.6738720441027128,-0.6610598464754773,-0.679022196431162,-0.6977541494096904,-0.7476667150249046,-0.757601221508734
ASR,2025-05-06,2025,479,-0.14355628058727565,-0.1455139474615894,-0.03425774877650889,-0.0314852478780131,-0.013050570962479635,-0.006216825371347712,-0.07504078303425765,-0.07212605076442069,0.03317020119630221,0.02921539012136254,0.1174551386623166,0.14787510467972076
ALPINE,2025-05-06,2025,479,-0.16935195130683844,-0.1713096181811522,-0.0753669889008235,-0.0725944880023277,-0.07670963122090935,-0.06987588562977742,-0.10257787325456502,-0.09966314098472806,-0.18609022556390975,-0.19004503663884942,-0.35356247762262805,-0.3231425116052239
B2,2025-05-06,2025,479,-0.06422470433639949,-0.06618237121071324,0.020367936925098418,0.023140437823594207,0.025295663600525486,0.03212940919165741,0.09740473061760846,0.10031946288744542,0.030059132720105186,0.026104321645165518,-0.1859395532194481,-0.15551958720204395
SYRUP,2025-05-07,2025,478,0.009177990643795875,-0.05515650708995379,0.2742704388505235,0.25632925066573176,0.09939852973936292,0.11221072736659843,0.5530853196703052,0.5563015746189475,0.8747159723769211,0.8792640531325516,0.8122076186233014,0.7847934812313011
DOOD,2025-05-09,2025,476,-0.047338876362269855,-0.06528006454706159,-0.3007093198045848,-0.2878971221773493,-0.34094325441563333,-0.334948942238696,-0.49745161593385956,-0.4892191212624263,-0.6202907741450583,-0.6000239975669612,-0.6474069898534386,-0.6490087717172871
OG,2025-05-12,2025,473,-0.02185089974293053,-0.03491990060238748,-0.11017260374586846,-0.1126509017235039,-0.08923980903415352,-0.08602355408551121,-0.037458685273595305,-0.05619063825212367,-0.15460888725670208,-0.1645433937405315,-0.17847961806830692,-0.16364409336390162
SKYAI,2025-05-13,2025,472,0.10738349241998879,0.11337780459692615,-0.10078607523862992,-0.09787134296879296,-0.06246490735541821,-0.09475063605440415,-0.24171813587871982,-0.20239255983586935,-0.37984278495227397,-0.3820306309468583,-0.5578326782706344,-0.5302958458581114
NXPC,2025-05-15,2025,470,-0.025802981932191327,-0.022888249662354365,-0.126528059074144,-0.15881378777312993,-0.2755750841982004,-0.28759518054848787,-0.21679463267462307,-0.2284660610736131,-0.47964939983751553,-0.47311470557633095,-0.5254387269766075,-0.5191441217192823
CVC,2025-05-16,2025,469,-0.08982219497240962,-0.08660594002376731,-0.013565297363580808,-0.005332802692147531,0.1456928264868178,0.11938760767147971,0.07725321888411996,0.07329840780918029,-0.12477007970570209,-0.09435011368829793,-0.2911557326793379,-0.2928138587785465
AGT,2025-05-20,2025,465,-0.0005831082739996551,-0.02688832708933775,0.02593297323839927,0.06525854928124974,0.02476675669039996,0.013095328291409913,-0.0758040756199363,-0.0607396307985939,-0.12321998526884359,-0.16628916337372024,-0.5628836238644734,-0.5607306717349873
AWE,2025-05-21,2025,464,0.015693743171819152,-0.0030382098067092134,-0.017819706498951815,-0.021803989369984622,-0.02248501491127053,-0.026439825986210197,-0.14351728821566712,-0.1492383079366869,-0.19108571766025928,-0.19115375851017113,-0.21470753240617713,-0.2016969432587865
B,2025-05-22,2025,463,0.14934418064087662,0.1886697566837271,0.6341109081852896,0.6224394797862995,0.5980823509878799,0.6026304317435104,0.6666943383695834,0.6567598318857539,0.4986302507056284,0.5134657754100337,0.3050390171011126,0.31633532756707694
SOON,2025-05-23,2025,462,-0.1159833709256557,-0.1199676537966885,-0.14453142275883424,-0.1484862338337739,-0.1762416522931316,-0.16553169272869328,-0.34366016540621824,-0.34584801140080257,-0.5154570784131618,-0.48792024600063877,-0.5644155499535625,-0.5529039678383937
HUMA,2025-05-26,2025,459,-0.11466367713004488,-0.11011559637441437,-0.2302690582959641,-0.21000228171786706,-0.4453662182361734,-0.4510872379571932,-0.38351270553064276,-0.3530927395132386,-0.3917638266068759,-0.3934219527060845,-0.523034379671151,-0.5347767399695056
A,2025-05-28,2025,457,-0.0923162113701087,-0.07204943479201165,-0.1968674190486236,-0.2025884387696434,-0.14253507014028055,-0.14472291613486488,-0.22291952325704034,-0.23507896301145326,-0.33659424111380665,-0.3155909821004661,-0.3496334774812784,-0.3505407512918377
SOPH,2025-05-28,2025,457,-0.14546139927623647,-0.1251946226981394,-0.25096501809408933,-0.2566860378151091,-0.10297044632086849,-0.10515829231545282,-0.24659227985524723,-0.25875171960966015,-0.3550512665862485,-0.334048007572908,-0.5082328106151991,-0.5091400844257584
MERL,2025-05-29,2025,456,-0.17997474559904925,-0.16491030077770685,-0.10941097823664858,-0.11934548472047801,-0.15969694718859095,-0.1551210061295848,-0.288494392037436,-0.2900961739012845,-0.37450791056970967,-0.3776158066159453,-0.35593849810591993,-0.3580906193423945
HYPE,2025-05-30,2025,455,-0.004418576304241917,-0.01013959602526171,0.11147001462701112,0.10928216863242679,0.08581179912237924,0.09234649338356382,0.18381277425646014,0.1407435961515835,0.12372013651877123,0.12587308864825741,0.21206118966357868,0.20209485216206335
1000000BOB,2025-06-05,2025,449,0.2069353518821604,0.17952121449016012,0.05400981996726695,0.05240803810341843,-0.3409369885433715,-0.34100502939328337,-0.464607201309329,-0.46626532740853754,-0.6519026186579377,-0.6636449789562924,-0.3146481178396071,-0.31666784445385965
LA,2025-06-05,2025,449,-0.040892193308550095,-0.06830633070055037,-0.1494423791821562,-0.1510441610460047,-0.31598513011152407,-0.3160531709614359,-0.3605947955390335,-0.3622529216382421,-0.6044609665427509,-0.6162033268411056,-0.6267657992565056,-0.6287855258707581
HOME,2025-06-10,2025,444,0.0006923900044062403,0.015527914708811541,-0.17127210927173153,-0.17522819276800794,-0.173412223830805,-0.17507034993001358,-0.4252533517970667,-0.4122427626496761,-0.3249197457040347,-0.31363360169859833,-0.3032353496569522,-0.34621470485421413
RESOLV,2025-06-10,2025,444,-0.025205058099794897,-0.010369533395389596,-0.1824162679425837,-0.1863723514388601,-0.31089086352244244,-0.312548989621651,-0.47977899293688764,-0.466768403789497,-0.5561631351105034,-0.544876991105067,-0.5706596035543404,-0.6136389587516023
TAIKO,2025-06-11,2025,443,-0.0665100307247426,-0.03897319831221957,-0.17133562262786917,-0.16504101737054389,-0.1910356045544913,-0.20255315424909381,-0.33001988071570587,-0.3187235702497415,-0.34592445328031807,-0.3323887805494459,-0.21688053497198623,-0.2299932310416264
SQD,2025-06-11,2025,443,0.034791090879531694,0.06232792329205472,-0.03840838887985698,-0.0321137836225317,-0.1809461876117705,-0.192463737306373,-0.2984067631279467,-0.2871104526619823,-0.39708990408063727,-0.3835542313497651,-0.3160461713542513,-0.32915886742389144
PUMPBTC,2025-06-13,2025,441,-0.04774322968906719,-0.04144862443174191,-0.11634904714142424,-0.12786659683602675,-0.2182547642928787,-0.22136266033911434,-0.23771313941825478,-0.28118187774263403,-0.23009027081243738,-0.2369395355183198,-0.16730190571715142,-0.18134918259843458
SPK,2025-06-17,2025,437,-0.127186843946816,-0.13029473999305163,-0.2869139258222534,-0.2739033366748628,-0.2830650804758572,-0.27155349836068843,-0.3414975507347796,-0.34240482454533894,-0.44646606018194546,-0.4378363190466933,-0.4209237228831352,-0.4258642452006526
MYX,2025-06-18,2025,436,-0.17115716753022459,-0.1690042154007384,-0.02815198618307424,-0.016855675717109886,0.6932642487046632,0.6497955103802839,1.1796200345423142,1.1774679133058397,0.8300518134715025,0.8238671935086359,0.3305699481865285,0.3413119898289315
F,2025-06-18,2025,436,-0.02292506898747604,-0.020772116857989853,-0.03566121842496284,-0.024364907958998483,-0.062088728507747826,-0.10555746683212708,-0.01772447463383575,-0.01987659587031032,-0.13404797282954795,-0.1402325927924145,-0.06941201443430267,-0.05866997279189967
NEWT,2025-06-19,2025,435,0.12811693895098886,0.14112752809837947,0.3830610490111779,0.39457263112634666,1.2760103181427342,1.2689441804233301,0.7588134135855547,0.7488470760840393,0.34995700773860694,0.32858533741783913,0.34952708512467767,0.3502226110270801
H,2025-06-25,2025,429,-0.4470619375330863,-0.443647508002885,-0.4338274219163579,-0.4359795431528325,0.2358390682901006,0.24712521229553697,1.073054526204341,1.0710347995900884,0.3626257278983589,0.37996891518892406,0.3713605082053997,0.3773692508075369
SAHARA,2025-06-26,2025,428,-0.09998930595658218,-0.1008965797671415,0.07100844829430009,0.061042110792784765,-0.0963533311945245,-0.0828176584636523,-0.15249705913806,-0.16167291491328306,-0.1963426371511069,-0.20358071135792966,0.027162870281253415,0.024563015709821334
ICNT,2025-07-03,2025,421,-0.15222257755036772,-0.13752727369405993,-0.12951710905020786,-0.13869296482543092,-0.13399424368404222,-0.1401788636469088,-0.012472017908538358,-0.026519294789821513,-0.2708666453469779,-0.26019775189673844,-0.3389830508474576,-0.3324838561824487
BULLA,2025-07-04,2025,420,-0.05095541401273895,-0.05297514062699149,-0.08789808917197461,-0.07926834803672245,-0.24968152866242033,-0.27105319898318814,-0.14777070063694264,-0.1543080923839686,-0.1273885350318471,-0.12385734439219787,-0.3095541401273886,-0.32414855407545307
IDOL,2025-07-04,2025,420,-0.037234042553191404,-0.03925376916744394,-0.02127659574468077,-0.012646854609428604,0.009878419452887588,-0.011493250867880223,0.21200607902735547,0.20546868728032952,-0.04407294832826758,-0.04054175768861834,-0.16869300911854102,-0.1832874230666055
M,2025-07-07,2025,417,0.25872817955112226,0.2525435595882557,1.7281795511221945,1.6852001959249325,2.636533665835412,2.6374757934949864,1.2194513715710724,1.214510849253555,0.9993765586034913,0.9863626438428517,2.28927680798005,2.281637612260945
PUMP,2025-07-10,2025,414,0.029320987654320785,0.016208291584680623,0.1502700617283952,0.13622278484711203,0.3072916666666665,0.3246348539572317,-0.1830632716049383,-0.17798409622400024,-0.4677854938271605,-0.46671676434294973,-0.39332561728395066,-0.39155846319943255
CROSS,2025-07-10,2025,414,0.1770052260849806,0.16389253001534043,0.027342270696053994,0.013294993814770839,0.6230402181322425,0.6403834054228077,1.790123456790123,1.795202632171061,1.3673407558888129,1.3684094853730238,1.502613042490343,1.504380196574861
AIN,2025-07-10,2025,414,-0.24136736343688647,-0.25448005950652663,-0.28086384109019513,-0.2949111179714783,-0.27433883820302574,-0.25699565091246057,-0.2187896985795127,-0.21371052319857464,-0.35708511375447516,-0.3560163842702644,-0.18887862339762096,-0.18711146931310285
C,2025-07-15,2025,409,-0.238656452563347,-0.24589452677016976,0.5230799450009822,0.5338219866433852,0.4445590257316834,0.4496382011126214,0.6200157140051072,0.6260244566072445,0.4242290316244355,0.4167713528346242,0.16612649774111188,0.20733262242578365
VELVET,2025-07-15,2025,409,-0.143392419657011,-0.15063049386383376,0.09914973339097877,0.10989177503338177,-0.09814094249891914,-0.09306176711798109,-0.12004611615506544,-0.1140373735529282,-0.278858625162127,-0.2863163039519383,-0.20579334198011234,-0.16458721729544057
TAC,2025-07-15,2025,409,-0.23400097703957012,-0.2412390512463929,-0.2520762090864679,-0.24133416744406488,-0.2970200293111871,-0.29194085393024904,-0.3707865168539325,-0.36477777425179525,-0.5148998534440645,-0.5223575322338758,-0.3204689789936491,-0.27926285430897735
ERA,2025-07-17,2025,407,-0.19528559553497205,-0.18454355389256905,-0.253532834580216,-0.24845365919927798,-0.25555159719748244,-0.2782524875053487,-0.16678541740885877,-0.1797993321694984,-0.42494953093456833,-0.4325887266536732,-0.4330839567747298,-0.4335145531635183
TA,2025-07-21,2025,403,-0.12172442941673711,-0.14442531972460337,-0.19780219780219788,-0.19427100716254864,-0.28740490278951814,-0.2900047573609502,-0.47506339814032117,-0.45745549806305263,-0.3989856297548605,-0.4233212155242291,-0.5669484361792054,-0.5793243271671318
CVX,2025-07-23,2025,401,0.017031118587047755,0.020562309226696995,0.244322960470984,0.24172310589955193,0.11900756938603863,0.13057984081693075,-0.19953742640874694,-0.19303823174373802,-0.05109335576114393,-0.06322313453238748,-0.09608915054667788,-0.13552729065064173
SLP,2025-07-23,2025,401,-0.1391190580026166,-0.13558786736296735,-0.0034888791975576927,-0.006088733768989774,-0.09725250763192328,-0.08568023620103116,-0.27038813781072824,-0.2638889431457193,-0.12952464020933274,-0.1416544189805763,-0.15874400348887918,-0.19818214359284303
ZORA,2025-07-25,2025,399,0.7690929451287793,0.7664930905573473,0.7097424412094064,0.7213147126402986,0.7679731243001118,0.7690418537843225,0.5673012318029114,0.5598435530131001,1.3135498320268755,1.3547559567115472,1.5896976483762595,1.6064323383624006
TAG,2025-07-25,2025,399,0.23579121789560897,0.2331913633241769,0.2932891466445735,0.30486141807546563,0.17083678541839276,0.17190551490260353,0.13637116818558415,0.12891348939577285,1.0099420049710028,1.0511481296556746,0.3981772990886496,0.41491198907479077
ESPORTS,2025-07-29,2025,395,0.13787638668779723,0.138945116172008,-0.03961965134706813,-0.018422095310756115,0.16481774960380347,0.15022333565573898,0.10697305863708384,0.11371552733276491,-0.26069730586370854,-0.2507257497658234,-0.18906497622820928,-0.2008676758124528
TREE,2025-07-29,2025,395,-0.20713326369198626,-0.20606453420777548,-0.2707058647962991,-0.24950830875998709,-0.32129532905536495,-0.33588974300342944,-0.38561408744963444,-0.37887161875395337,-0.4684375466348306,-0.4584659905369455,-0.41411729592598123,-0.42591999551022475
PLAY,2025-07-31,2025,393,-0.07056167090036702,-0.04936411486405501,-0.08015805814281685,-0.09475247209088133,-0.02427321478972644,-0.016164667206682304,0.37284786903753875,0.3485122832681702,0.45808636748518183,0.4457104764972555,0.33587355348574643,0.33194582733918265
NAORIS,2025-07-31,2025,393,-0.23941068139963162,-0.2182131253633196,-0.2578268876611418,-0.2724213016092063,-0.4530386740331491,-0.444930126450105,-0.3351749539594844,-0.35951053972885294,-0.529097605893186,-0.5414734968811123,-0.5116022099447515,-0.5155299360913153
TOWNS,2025-08-05,2025,388,-0.19528535980148887,-0.20292455552059374,-0.21588089330024807,-0.209138424604567,-0.15657568238213404,-0.1809112681515026,-0.23697270471464027,-0.22882840428721252,-0.432258064516129,-0.4024439586351968,-0.42928039702233256,-0.4205001556104725
PROVE,2025-08-05,2025,388,0.10027209513252067,0.09263289941341579,0.05552756222916466,0.06227003092484573,0.41801874433135144,0.3936831585619829,0.24226544391816995,0.2504097443455977,0.002720951325204002,0.03253505720613625,-0.12405522523430412,-0.11527498382244405
IN,2025-08-07,2025,386,-0.10402684563758402,-0.09728437694190295,0.040593201991772965,0.016257616222404403,0.19116691924659013,0.17903714047534658,-0.004005195929855043,-0.004210600017652055,-0.24875514180558567,-0.24414498639411364,-0.3888287508118641,-0.38449298772750573
CARV,2025-08-07,2025,386,-0.007817589576547324,-0.0010751208808662538,0.05798045602605861,0.03364487025669005,0.014983713355048778,0.002853934583805229,0.03355048859934873,0.033345084511551715,-0.022149837133550454,-0.017539681722078426,-0.04039087947882747,-0.03605511639446912
AIO,2025-08-13,2025,380,-0.18283350568769374,-0.14162738100302197,-0.18014477766287484,-0.18057537405166335,-0.1912099276111685,-0.18123837151328337,-0.12988624612202682,-0.11687997994866983,-0.3345398138572905,-0.35285777766097215,0.11292657704239928,0.10814953181034781
XNY,2025-08-13,2025,380,0.22632569158943627,0.26753181627410805,0.8216152184516758,0.8211846220628873,0.0296146609992336,0.03958621709711874,-0.5155041460525398,-0.5024978798791828,-0.46951431955961254,-0.4878322833632942,-0.1930875897150024,-0.19786463494705386
USELESS,2025-08-15,2025,378,0.1892523364485983,0.18882174005980978,-0.08411214953271029,-0.07414059343482515,-0.09112149532710279,-0.10349738631502914,-0.26568758344459276,-0.2358734775636605,-0.47730307076101464,-0.46852282934915457,-0.1351802403204272,-0.12954684838324637
SAPIEN,2025-08-20,2025,373,-0.09072399261328656,-0.07533008346387815,0.2811212652114212,0.2941275313847782,-0.04820303991666275,-0.018388934035730498,-0.23017188313840609,-0.23409960928496987,0.011885032435247966,0.016462196075767044,0.09839481036033915,0.11076565188691945
XPL,2025-08-22,2025,371,-0.06533356317876216,-0.05232729700540517,-0.07964144113083937,-0.04982733524990712,-0.06309257024650916,-0.05848241483503713,0.019134631960006976,0.010082654479515618,0.11394587140148249,0.10051090220129422,0.23047750387864174,0.23429156123133998
WLFI,2025-08-23,2025,370,-0.25109390777515983,-0.2343592177890187,-0.10636149444631426,-0.12131552119438815,-0.03567822282059907,-0.047480922404842585,-0.23561090541905072,-0.2539288692227324,-0.30259171995960954,-0.307368765191661,-0.28609895658027595,-0.2637069382513255
SOMI,2025-08-25,2025,368,0.016600265604249653,0.0016462388561757635,0.07104913678618852,0.059246437201945,0.006640106241699861,0.00271238009513608,-0.6568393094289509,-0.6480590680170908,-0.17662682602921642,-0.1709934340920356,-0.39721115537848606,-0.40888632309177897
BAS,2025-08-26,2025,367,0.1967697907188355,0.20137994613030752,0.36152183803457705,0.3986296523719579,0.17487488626023673,0.17992739279079684,0.2648999090081894,0.265482673280493,0.2834394904458599,0.28265310037555347,-0.177547770700637,-0.13940783745324614
BTR,2025-08-27,2025,366,0.021654286793403088,0.009851587209159574,-0.10562759662595989,-0.10955532277252367,-0.25645222208233664,-0.265504199562828,-0.2735742162910739,-0.2692384532067156,0.34961601410046583,0.33706881139727085,0.27269293717738896,0.26668932950488844
MITO,2025-08-28,2025,365,0.022192302335298786,0.05930011667267965,0.0710803658479966,0.0761328723785567,-0.04289892752681179,-0.06121689133049346,0.042666790473095295,0.03412547810548938,0.2505687357816053,0.2535221231404565,-0.29467477598774316,-0.2945725754831282
HEMI,2025-08-29,2025,364,-0.10509631797122643,-0.10902404411779021,0.6156547183613752,0.6066027408808838,0.9312362838332118,0.9269930201716656,0.8268227261643502,0.8183906616319578,2.0561326505730313,2.050852695245611,4.31977566447208,4.296574691277814
LINEA,2025-09-01,2025,361,-0.16352657004830917,-0.18184453385199084,-0.36618357487922704,-0.35740333346736697,-0.2777777777777778,-0.27344201469341944,-0.4364734299516908,-0.4499083991518791,-0.2038647342995168,-0.20005067694681855,-0.35507246376811585,-0.3951079760289694
Q,2025-09-02,2025,360,0.12164348107408607,0.11740021741253992,-0.11053596462849136,-0.10995320035618772,0.06847837808691892,0.05993706571931301,0.784320069017578,0.7795430237855265,2.0420575865415724,2.0644496048705228,2.3193141378194757,2.3030436953822075
ARIA,2025-09-03,2025,359,0.114304255121906,0.12308449653376607,0.08389728376749783,0.08823304685185618,0.03615463057383894,0.027722566041446628,0.4180958561231112,0.4190934556761313,0.5886715490868639,0.5945123354838793,0.6510614628719757,0.6369397692979524
TAKE,2025-09-03,2025,359,-0.0426802299867316,-0.03389998857487153,-0.11797877045555083,-0.11364300737119248,-0.04389650597080941,-0.05232857050320172,0.042237947810703114,0.04323554736372326,0.04494692613887663,0.05078771253589198,0.06484962406015038,0.050727930486127004
PTB,2025-09-03,2025,359,0.4009324009324011,0.4097126423442612,0.8543123543123545,0.8586481173967129,1.3360528360528363,1.327620771520444,1.533022533022533,1.5340201325755531,1.1285936285936287,1.134434414990644,1.2226107226107228,1.2084890290366994
OPEN,2025-09-08,2025,354,-0.22015395381385583,-0.21557679017333675,-0.3653603918824353,-0.37879536108262357,-0.30055983205038483,-0.2995622324973647,-0.39216235129461163,-0.3974423066220317,-0.6144856543037089,-0.6376866274979747,-0.5473058082575227,-0.5633916875598358
FLOCK,2025-09-09,2025,353,-0.09753116597408962,-0.11902804624035013,-0.060865314104131096,-0.06564235933618257,-0.14177462723050593,-0.1361412352933251,-0.1984844781227083,-0.186113636596128,-0.31239305793204597,-0.3314575212373021,-0.3485700317770716,-0.33511471176489993
SKY,2025-09-09,2025,353,0.044344937165968545,0.022848056899708036,0.06066734074823055,0.05589029551617908,0.08276758630651448,0.0884009782436953,0.049111656796186676,0.061482498322766976,-0.05330059222880257,-0.0723650555340587,-0.03351148346092736,-0.020056163448755715
AVNT,2025-09-09,2025,353,0.6536239372445865,0.6321270569783259,1.1582507398186856,1.1534736945866342,2.8447555075391047,2.8503888994762856,4.196110667480859,4.20848150900744,4.298041241955939,4.278976778650684,2.8930903283385785,2.9065456483507504
HOLO,2025-09-11,2025,351,-0.07187567450895749,-0.07665271974100896,-0.0664796028491258,-0.060846210911944976,-0.1560543924023311,-0.16860159510552608,-0.18389812216706236,-0.18008406481436412,-0.5627023526872437,-0.6027378649480972,-0.7219943880854738,-0.703045695410415
XPIN,2025-09-12,2025,350,-0.07029754654602394,-0.06929994699300379,-0.09164201612435474,-0.0924284061946612,-0.1723217910794036,-0.1693684037205524,-0.3563598399164781,-0.3339678215875277,-0.479264543819964,-0.49553498625723236,-0.5053071167565686,-0.5443316702210115
UB,2025-09-12,2025,350,0.6530527272039062,0.6540503267569263,0.6867406033536467,0.6859542132833403,0.46852643930504545,0.47147982666389665,0.3372951285059993,0.35968714683494973,0.038835686437791006,0.022565244000522622,0.2777546462773004,0.2387300928128575
ZKC,2025-09-15,2025,347,-0.14050822122570994,-0.15305542392890492,-0.17243220158018358,-0.17771215690760367,-0.11894084988255382,-0.1194202151129996,-0.3988896006833227,-0.36074966743593184,-0.6568439034806748,-0.6657001374192999,-0.8051462737561392,-0.7849239055936239
TOSHI,2025-09-17,2025,345,-0.05327061912054265,-0.058550574447962744,-0.06289652154889525,-0.06337588677934103,-0.17523517829796542,-0.15284315996901499,-0.20225333625027342,-0.20215113574565846,-0.04747320061255744,-0.020657504363304713,-0.2415226427477576,-0.22533093170524754
STBL,2025-09-17,2025,345,0.7415781487101669,0.7362981933827468,2.1070561456752652,2.1065767804448194,1.5590288315629746,1.5814208498919249,2.4078907435508348,2.40799294405545,1.3123672230652503,1.339182919314503,-0.3675265553869499,-0.35133484434443985
0G,2025-09-17,2025,345,0.009059859787884372,0.0037799044604642784,-0.05090778357001613,-0.05138714880046191,0.7056624123674278,0.7280544306963782,0.336832644256696,0.33693484476131097,0.02236203487326982,0.04917773112252255,-0.33251842531008446,-0.3163267142675744
BARD,2025-09-18,2025,344,-0.12089368550601154,-0.10852284397943124,-0.0056802044873615065,-0.0018661471346632652,0.4252579759538011,0.43109876235081646,-0.04061346208463501,-0.06381443527890074,-0.2581652939505823,-0.2742511732528954,-0.40916406323960997,-0.41611000913474305
ASTER,2025-09-19,2025,343,0.8735476593344615,0.8730682941040158,0.8486181613085169,0.8710101796374673,1.6051889452904682,1.5935137775771753,1.1420191765369432,1.122954713231687,0.8972363226170332,0.9106916426292049,0.35318668922729834,0.339475577597546
TRADOOR,2025-09-19,2025,343,0.10760795065113093,0.10712858542068515,-0.12131596984235782,-0.09892395151340738,0.004112405757368043,-0.007562761955924868,-0.14393420150788205,-0.16299866481313818,0.6288553803975325,0.6423107004097042,-0.22138450993831404,-0.2350956215680664
BLESS,2025-09-23,2025,339,-0.36382926829268303,-0.37550443600597594,-0.5717317073170731,-0.5777353149895736,-0.5143780487804879,-0.5375790219747536,-0.6016341463414634,-0.6157558399154868,-0.5842682926829268,-0.5861613353377473,-0.5375609756097561,-0.5607531416626519
FLUID,2025-09-24,2025,338,-0.19762789368390965,-0.1594879604365188,-0.1537582166333239,-0.15365601612870894,-0.18276650471563305,-0.20183096802088918,-0.07559302657902256,-0.07690663316980828,-0.2410688768219491,-0.2225816483077817,-0.34938553872535016,-0.3579244372937782
COAI,2025-09-25,2025,337,-0.2112772358464764,-0.21728084351897692,-0.19482177044397853,-0.21802274363824425,0.01212507977026167,0.014473292704075047,0.7739538699972652,0.7650976360586401,74.40796790956331,74.42819027772583,31.03573707721761,31.0301137027243
HANA,2025-09-26,2025,336,0.08695652173913038,0.08705872224374533,-0.2473429951690822,-0.26640745847433833,-0.3352657004830919,-0.37530121274394546,0.3988727858293075,0.38913583264170715,0.053784219001610234,0.07699671414610121,-0.1484702093397745,-0.1745336167960383
MIRA,2025-09-26,2025,336,-0.15518677961394256,-0.1550845791093276,-0.43764754895153446,-0.4567120122567906,-0.5756144979863909,-0.6156500102472444,-0.5796417164282738,-0.5893786696158742,-0.7803777253159283,-0.7571652301714373,-0.7602416331065129,-0.7863050405627767
AKE,2025-09-26,2025,336,-0.3364936724514612,-0.33639147194684627,-0.3366173378952142,-0.3556818012004703,-0.46527062121274576,-0.5053061334735993,-0.35467249268312784,-0.3644094458707282,-0.33447380353683165,-0.3112613083923407,-0.2897893565274743,-0.31585276398373807
ORDER,2025-09-26,2025,336,-0.2554464926981087,-0.25534429219349375,0.12015202298300198,0.10108755967774585,0.13873593488149383,0.09870042262064027,0.303477376107254,0.29374042291965363,-0.3371738089537947,-0.3139613138093037,-0.16300574575053872,-0.1890691532068025
LIGHT,2025-09-27,2025,335,0.19664277445257272,0.173441801258307,0.13850094829921922,0.1408491612330326,0.12868543560186207,0.11241499316459369,0.040924653316584125,0.06774034956583685,0.4752826424296164,0.4914743534721264,1.4942732579620186,1.498061103667351
XAN,2025-09-29,2025,333,-0.4941994387904678,-0.4918512258566544,-0.5617539891946225,-0.5780244316318909,-0.43673828370398293,-0.43805189029476865,-0.747204422666164,-0.7337491026539924,-0.8550906730326255,-0.8688017846623779,-0.8424425179042594,-0.8172026733545468
FF,2025-09-29,2025,333,-0.3211580182807553,-0.3188098053469419,-0.3438489170252872,-0.3601193594625556,-0.35498097236547277,-0.3562945789562585,-0.49151758722481054,-0.4780622672126389,-0.5619731834833019,-0.5756842951130543,-0.4602909271970693,-0.4350510826473567
EDEN,2025-09-30,2025,332,-0.031069907291405685,-0.07110541955225924,-0.09421197694813332,-0.1083336705221567,-0.062390378351290465,-0.07124661228991558,-0.6291656226509648,-0.5562551847721482,-0.6379353545477324,-0.6552828627946368,-0.675519919819594,-0.6598624155644915
NOM,2025-10-01,2025,331,-0.025408805031446602,-0.041679247468714986,-0.1421383647798743,-0.14345197137066001,-0.16855345911949682,-0.1782904123070972,-0.5383647798742137,-0.5194160871991549,-0.4359748427672956,-0.41591326943374507,-0.5340880503144654,-0.5460385230037836
TRUTH,2025-10-01,2025,331,-0.1013988399863528,-0.11766928242362118,0.027567383145683966,0.026253776554898245,0.0833845104060047,0.07364755721840432,-0.08857045377004424,-0.06962176109498541,0.00470829068577272,0.02476986401932324,-0.12787444558171268,-0.13982491827103094
2Z,2025-10-02,2025,330,-0.12702507999798962,-0.141146773572013,-0.17741962505654318,-0.1862758589951683,-0.2680225837256446,-0.24120688747639185,-0.5579419993633669,-0.5969665528278097,-0.6175844795523464,-0.6109177328268304,-0.696275695689323,-0.7007473283418253
EVAA,2025-10-03,2025,329,-0.46566589347455034,-0.46697950006533606,-0.4724495601558055,-0.4821865133434059,-0.4536595328752535,-0.4697454121775666,-0.6797525785227654,-0.6816456211775859,0.022918581411294436,-0.000273584641601321,-0.08311085824324915,-0.08717911259229205
LYN,2025-10-06,2025,326,0.041819621392068074,0.0686353176413208,-0.3120996185129201,-0.2986442985007485,-0.39721442453033906,-0.37826573185528023,-0.3962427121572015,-0.37303021701271055,-0.4477434679334916,-0.4738068753897554,-0.618800834952854,-0.6423266401993639
KGEN,2025-10-07,2025,325,-0.11532680816745478,-0.13141268746976786,-0.28131529748157913,-0.20840485960276256,-0.3364126250962278,-0.3754371785606707,0.8609186553759303,0.8771103664184403,-0.08761318230140391,-0.08382533659607161,-0.061329227610982695,-0.03695063423867806
4,2025-10-08,2025,324,-0.3406801266499444,-0.32722480663777276,-0.6026974793371438,-0.583748786662085,-0.29540688350672306,-0.29729992616154355,-0.5097249064517455,-0.5166708523468786,-0.5632221719643078,-0.5524335013834677,-0.7105144125992022,-0.7302527093962203
GIGGLE,2025-10-09,2025,323,0.20520951302378254,0.2781199509025991,0.6060022650056627,0.5669777115412198,0.4890147225368062,0.5075019510509736,0.32332955832389576,0.3096184466941434,0.4734994337485845,0.4987392782982971,0.4414496036240092,0.45147717242015883
MON,2025-10-10,2025,322,0.08238805970149232,0.10133675237655115,-0.04047761194029853,-0.04237065459511902,-0.24441791044776118,-0.22419554228524585,-0.16740298507462692,-0.18475049332153126,-0.36716417910447763,-0.35150667484937514,-0.29205970149253735,-0.3155398661167207
YB,2025-10-10,2025,322,-0.06445023596534472,-0.045501543290285884,-0.04747481862365277,-0.04936786127847326,-0.5284214974994716,-0.5081991293369563,-0.7007818553215468,-0.7181293635684511,-0.6076635908994857,-0.5920060866443833,-0.593435232795661,-0.6169153974198444
MET,2025-10-11,2025,321,-0.0941647088704044,-0.1331892623348473,-0.046352149342815396,-0.027864920828648,-0.2664296145787034,-0.24321711943421243,-0.3261159438694521,-0.30605437053590157,-0.7175693694837768,-0.7295198421730951,-0.7514762842085212,-0.7638551183797211
EUL,2025-10-13,2025,319,-0.05102688968875713,-0.03253966117458973,-0.22094008045733637,-0.1977275853128454,-0.2094008045733644,-0.2163467504684975,-0.22316324370103746,-0.24635540975393322,-0.10141858987931407,-0.10548684422835697,-0.41086174041922496,-0.3972702727542974
ENSO,2025-10-14,2025,318,-0.25799232736572886,-0.23776995920321353,-0.38874680306905374,-0.3725550920265437,-0.3909846547314578,-0.4046957663612102,-0.48689258312020467,-0.4954314816886327,-0.6566496163682864,-0.6208932149416143,-0.6956521739130435,-0.6764455931863527
CLO,2025-10-14,2025,318,-0.06098561224838528,-0.040763244085869954,-0.46327876695943404,-0.447087055916924,-0.4396978913912716,-0.45340900302102394,-0.5217183281500974,-0.5302572267185255,-0.5114657735552441,-0.475709372128572,-0.6915689826048323,-0.6723624018781416
RECALL,2025-10-15,2025,317,-0.312831523111897,-0.289619027967406,0.13077797423591808,0.123832028340785,-0.21695293424265383,-0.23430044248955817,-0.15940473183463844,-0.16502810632794895,-0.4727203839353372,-0.4249119667555805,-0.6891049928433106,-0.6378337481504072
ZBT,2025-10-17,2025,315,-0.18245529241179315,-0.18940123830692623,-0.24069598840019335,-0.2580434966470977,-0.390285161913968,-0.38361841518845197,-0.4197680038666022,-0.4159801581612699,-0.6360560657322378,-0.6116774723599332,-0.6841469308844852,-0.6701390217422996
LAB,2025-10-17,2025,315,-0.4192173828188531,-0.4261633287139862,-0.38935692678007994,-0.4067044350269843,-0.31782844875256155,-0.3111617020270455,-0.4177211072439254,-0.4139332615385931,-0.5248349217708097,-0.5004563283985051,-0.6376410890283967,-0.623633179886211
RIVER,2025-10-17,2025,315,0.16872317596566533,0.16177723007053224,0.13492489270386265,0.11757738445695831,1.1815987124463514,1.1882654591718675,0.9450107296137338,0.9487985753190661,1.1236587982832615,1.1480373916555662,0.0938841201716738,0.10789202931385944
币安人生,2025-10-20,2025,312,-0.18072118114707558,-0.16065960781352506,-0.2765474162407723,-0.29973958229366804,-0.14840999432140844,-0.15403336881471896,-0.48401476433844404,-0.46835726008334155,-0.5107893242475866,-0.53426948887177,-0.6396365701306076,-0.6244832449551013
BLUAI,2025-10-21,2025,311,0.19640914036996726,0.2030758870954833,0.41893362350380836,0.4103947249353803,0.6806311207834603,0.6545677133271965,0.13057671381936875,0.11862624113005049,-0.19804134929270956,-0.21042018346390945,-0.5821545157780196,-0.5285247595466586
TURTLE,2025-10-22,2025,310,0.028169014084507005,0.004976848031611247,0.06866197183098599,0.06303859733767547,0.12030516431924876,0.12409301002458106,-0.2529342723004695,-0.2574059049529718,-0.3714788732394366,-0.34354074574041105,-0.5422535211267605,-0.5248426970398241
APR,2025-10-23,2025,309,-0.2529618956131925,-0.26150079418162053,-0.37276657060518736,-0.39882997806145115,-0.40754082612872244,-0.39675215554788235,-0.5199967979506884,-0.5240650522997313,-0.5655619596541788,-0.5519704919892512,-0.5916266410502722,-0.5868777471864635
ON,2025-10-24,2025,308,-0.07057520373447268,-0.0761985782277832,-0.12872853865020972,-0.12494069294487742,-0.35995727510087827,-0.33471743055116565,-0.5553050083076193,-0.5195486068809472,-0.5910673312762085,-0.5718607505495177,-0.5463248674736925,-0.5713374428373152
KITE,2025-10-29,2025,303,0.108034374573728,0.12369187882883048,0.015004774246351271,0.010533141593848994,-0.48813258764152223,-0.4523761862148501,-0.48103942163415625,-0.4710118528380066,-0.40867548765516304,-0.41678227329078954,-0.2599918155776838,-0.2551239298218362
AT,2025-10-29,2025,303,0.0622418066648307,0.07789931091993318,0.03194712200495742,0.02747548935245514,0.04131093362710003,0.07706733505377217,-0.008537592949600659,0.0014899758465489743,-0.13522445607270717,-0.14333124170833367,-0.4621316441751583,-0.45726375841931066
CC,2025-10-31,2025,301,0.1407942238267148,0.13632259117421253,0.05703971119133566,0.0927961126180078,0.07725631768953067,0.05373051244302074,-0.1480144404332131,-0.160393274604413,-0.32057761732851986,-0.26694786109715885,-0.3942238267148015,-0.38932766630054494
MMT,2025-11-04,2025,297,-0.7137668692892916,-0.7372926745358015,-0.7856405551095309,-0.805378851906549,-0.7722598157281033,-0.7957399803522867,-0.8578200864013457,-0.8065488417084422,-0.8778147341055932,-0.8943962124767516,-0.9054937492831747,-0.8911218556523225
TRUST,2025-11-05,2025,296,-0.1283372365339579,-0.10395864316165326,-0.0346604215456674,-0.024632852749517764,-0.08196721311475408,-0.09434604728595397,-0.36580796252927406,-0.37654783321505403,-0.09227166276346599,-0.0818123955467529,-0.32131147540983607,-0.2914727298062757
UAI,2025-11-06,2025,295,2.367626886145404,2.3478885893483863,1.4060356652949242,1.3825555006707408,1.4430727023319614,1.471010829830987,1.5816186556927296,1.5956265648349153,0.773662551440329,0.7380022927030503,0.847736625514403,0.8487602735765833
FOLKS,2025-11-06,2025,295,0.14745308310991967,0.12771478631290156,0.52083841091884,0.49735824629465664,0.3568120887155741,0.3847502162145997,0.4296855959054351,0.44369350504762073,1.3073360955398492,1.2716758368025705,1.584450402144772,1.5854740502069524
STABLE,2025-11-06,2025,295,0.26926691729323293,0.24952862049621483,0.2175751879699248,0.19409502334574147,0.048872180451127845,0.07681030795015342,-0.09891917293233077,-0.08491126379014513,-0.18515037593984962,-0.22081063467712836,-0.2906484962406015,-0.28962484817842116
JCT,2025-11-10,2025,291,-0.4490948587979724,-0.4211567312989468,-0.31860970311368575,-0.29940312238699496,-0.4711078928312816,-0.4818477635170616,-0.5261404779145546,-0.47251072168319364,-0.5417813178855901,-0.5368851574713336,-0.6663287472845764,-0.6591945567113369
ALLO,2025-11-11,2025,290,-0.2398091934084995,-0.2262177257435719,-0.46379011274934956,-0.4125188680564461,-0.5346921075455333,-0.5206841984033477,-0.6251084128360798,-0.6076975887491434,-0.6999132697311361,-0.6547519222644452,-0.7096704249783174,-0.7151065370709488
CLANKER,2025-11-12,2025,289,-0.10770270270270266,-0.08849612197601187,-0.0897297297297297,-0.10046960041550967,-0.1609459459459459,-0.13916752335327354,-0.29243243243243244,-0.2876835385686237,-0.36459459459459453,-0.4226582205013496,-0.499054054054054,-0.47474651978896254
BEAT,2025-11-12,2025,289,0.25495611276694663,0.2741626934936374,0.16250581061496816,0.1517659399291882,0.13335703152771328,0.15513545412038565,1.4898690219026007,1.4946179157664095,1.2794017117388097,1.2213380858320546,4.656394410872003,4.680701945137094
PIEVERSE,2025-11-14,2025,287,1.6292645943896895,1.6185247237039095,0.9825625473843824,1.0043409699770547,1.233510235026535,1.2486635602020413,2.920394238059136,2.9038127596879777,2.6762699014404854,2.6906417950713375,2.3593631539044733,2.3823420886797786
SENT,2025-11-14,2025,287,0.0976744186046512,0.08693454791887123,0.055813953488371926,0.0775923760810443,-0.22790697674418614,-0.21275365156867987,-0.31426356589147286,-0.3308450442626313,-0.3475968992248062,-0.33322500559395396,-0.3027906976744186,-0.27981176289911325
IRYS,2025-11-26,2025,275,-0.13712015462257066,-0.1465641831901765,-0.1954257489530764,-0.19451433447743693,-0.31860839686459785,-0.273447049397907,-0.23977236121550527,-0.2387487131533249,-0.32140019327821323,-0.3380271369371365,-0.3597122302158273,-0.3612652888466581
POWER,2025-12-06,2025,265,-0.21448565430370892,-0.2273593912301336,-0.03485829251224637,-0.05723531600171994,-0.03975682295311411,-0.04519293504574551,0.32050384884534644,0.3038769051864232,0.23324877536738975,0.23169571673655898,0.12849895031490566,0.10308503009229764
WET,2025-12-10,2025,261,-0.33997865234307756,-0.34541476443570895,-0.3562304169679441,-0.3558059442893552,-0.24567021313225224,-0.22605010936324943,-0.10153909720070242,-0.10404534010649136,-0.3996487966119203,-0.41400605144057934,-0.45043556106462834,-0.44542566646789084
NIGHT,2025-12-10,2025,261,-0.3883129123468426,-0.393749024439474,-0.3503433418607782,-0.3499188691821893,-0.18028813787531983,-0.16066803410631703,0.05897401373367428,0.056467770827885344,0.3292042547461962,0.3148469999175372,-0.10259862663255692,-0.09758873203581941
US,2025-12-12,2025,259,-0.1568064330844341,-0.15638196040584518,-0.24468696151636982,-0.225066857747367,-0.28776565192418146,-0.269266637392088,-0.32337736932797234,-0.32292826736264346,-0.6404365307294657,-0.6540402801501821,-0.5939115450890293,-0.5993807855852842
CYS,2025-12-12,2025,259,0.02584155049302983,0.026266023171618746,0.1496089765385924,0.1692290803075952,-0.1853111186671199,-0.16681210413502645,0.33832029921795326,0.33876940118328214,0.1955117307038423,0.1819079812831259,0.36790207412444764,0.3624328336281928
RAVE,2025-12-14,2025,257,0.4097247167161937,0.4293448204851965,0.2698298664402572,0.28832888097235065,0.43222414525030195,0.40144949645663575,0.8389119289422984,0.8370334203157934,0.530483623420305,0.5233197549313209,0.10596610390882666,0.06078821308708582
ZKP,2025-12-21,2025,250,-0.0041378458498023685,-0.0036887438844734888,-0.16569911067193688,-0.16757761929844184,-0.07392539525691699,-0.07547845388774777,-0.1960227272727274,-0.18644613887158012,-0.06589673913043481,-0.06441776919988018,-0.32516057312252966,-0.2798099073890131
GUA,2025-12-21,2025,250,0.0646065397053539,0.06505564167068278,-0.20970176068990298,-0.21158026931640794,-0.08666906216313319,-0.08822212079396397,-0.15106000718648938,-0.1414834187853421,-0.1367588932806324,-0.13527992335007777,0.030830039525691744,0.07618070525920828
LIT,2025-12-23,2025,248,-0.06282722513089012,-0.06470573375739508,-0.10250757784513642,-0.1040606364759672,-0.004960044089280746,-0.005997282189506903,-0.2590245246624414,-0.2719907408786575,-0.41967484155414714,-0.4228431139772051,-0.5152934692752824,-0.5164913031085521
BREV,2025-12-30,2025,241,-0.05972935137657476,-0.05015276297542748,-0.08842743817078857,-0.10139365438700465,-0.024498366775548175,-0.03444695158853073,-0.0818945403639757,-0.07688464576723819,-0.3700419972001866,-0.3590991895004836,-0.5704619692020532,-0.5182895369046625
COLLECT,2025-12-31,2025,240,-0.05157159487776486,-0.06517534429848126,-0.11455180442374857,-0.12171567291273266,0.009545983701979122,-0.0158679365206289,0.10477299185098943,0.10625196178154406,0.24959254947613507,0.2949432152096516,-0.4235157159487777,-0.4188670380384488
MAGMA,2025-12-31,2025,240,-0.07414553472987861,-0.08774928415059502,-0.008131201764057239,-0.015295070253041332,-0.03521223814773977,-0.060626158370347794,-0.02577177508269013,-0.0242928051521355,-0.3588754134509372,-0.31352474771742067,-0.2796306504961411,-0.27498197258581225
ZAMA,2026-01-09,2026,231,-0.1444897959183673,-0.14301082598781267,-0.12326530612244901,-0.12643357854550696,-0.31102040816326526,-0.32709062348129336,-0.4971428571428571,-0.4862000494431541,-0.6522448979591837,-0.6000724656617931,-0.7746938775510204,-0.7896229360052369
FOGO,2026-01-10,2026,230,-0.12924120913016646,-0.1347104496264213,-0.15129549660703256,-0.1964733874287734,-0.25231338679827253,-0.2384796333065552,-0.5694016039481801,-0.5240509382146635,-0.42535471930906843,-0.42070604139873957,-0.6528377544725479,-0.6503110109697358
FRAX,2026-01-15,2026,225,-0.19048128342245996,-0.18981578382165498,0.3073796791443848,0.3230871019767677,0.2118716577540105,0.25722232348752705,-0.1480213903743316,-0.11940757595035867,-0.18064171122994654,-0.14637632415651425,-0.3103743315508022,-0.3245254325875421
SPORTFUN,2026-01-16,2026,224,-0.06879750535957896,-0.06465316330790971,-0.23055934515688947,-0.21961653745718646,-0.34847008380432665,-0.36001882314991307,-0.4125901383745859,-0.431887393678532,-0.7109725199766128,-0.57056145805754,-0.6467550185149094,-0.6324489181128772
AIA,2026-01-20,2026,220,-0.159218103658042,-0.17076684300362843,-0.11635169113472299,-0.11680076032153919,-0.20427447481547567,-0.17566066039150274,-0.315272933733474,-0.3106242558231451,-0.5788385108281289,-0.5763117673253167,-0.5700786762916701,-0.5783770316756647
ACU,2026-01-21,2026,219,0.0368912556919041,0.035693421858634444,0.43412827043297075,0.4383489659097921,1.049008258084433,1.029711002780487,0.4308867793470712,0.4962532261701853,-0.14447788840009257,-0.12586156131641757,-0.13305549124025617,-0.14806579374570616
我踏马来了,2026-01-21,2026,219,0.28272970687711374,0.2815318730438441,0.01233089064261561,0.016551586119436967,-0.08881764374295376,-0.10811489904689986,0.7628241262683202,0.8281905730914343,-0.19218573844419384,-0.17356941136051884,-0.4220687711386697,-0.4370790736441197
ELSA,2026-01-22,2026,218,-0.0261346400653365,-0.0265837092521527,-0.2897561544743904,-0.2611423400504175,-0.300490024501225,-0.31065077086081927,-0.42562128106405317,-0.40306541549716435,-0.48856609497141523,-0.4631189273840345,-0.5544860576362152,-0.5538064389875972
SKR,2026-01-22,2026,218,-0.2765857662094032,-0.2770348353962194,-0.4774533943017939,-0.44883957987782097,-0.41057568296400526,-0.42073642932359956,-0.6110446711220542,-0.5884888055551654,-0.3826943369679916,-0.35724716938061085,-0.5495134247860243,-0.5488338061374063
SPACE,2026-01-23,2026,217,0.044185124341471926,0.04840581981829328,-0.10774372627881934,-0.12704098158276544,-0.3822013255537301,-0.38291771093543236,-0.6550161445646632,-0.677906638055626,-0.7050926188183311,-0.6929934873668531,-0.4457032798957684,-0.44099865137152905
FIGHT,2026-01-23,2026,217,0.21469203609258525,0.2189127315694066,0.09498823067869755,0.07569097537475145,0.04575323656335817,0.0450368511816559,-0.7349450765005885,-0.7578355699915513,-0.6790898391526088,-0.6669907077011308,-0.6749215378579836,-0.6702169093337442
BIRB,2026-01-29,2026,211,-0.045368020304568546,-0.04071934239423969,-0.13404187817258884,-0.11148601260570001,0.17742703045685282,0.2150430675633116,-0.06230171319796951,-0.07723077165218606,-0.27450824873096447,-0.2589011949532455,-0.3416481598984772,-0.35837305205474446
GWEI,2026-01-29,2026,211,-0.10447928834576337,-0.09983061043543451,-0.1500359421331655,-0.1274800765662767,-0.3504357983646329,-0.3128197612581741,-0.3581633569952377,-0.37309241544945426,-0.36094887231557193,-0.34534181853785295,0.040075478479647764,0.023350586323380496
MEGA,2026-01-30,2026,210,0.007884739445201294,0.0732511862683154,-0.043581105297111344,-0.06647159878807418,-0.09476023224141628,-0.06049484516798398,-0.02831338255322191,-0.025786639050409788,-0.06357967170812118,-0.07187802709211577,-0.043939502544620423,-0.02620494278628005
INX,2026-01-30,2026,210,-0.27814413565708895,-0.21277768883397485,-0.3818181818181817,-0.40470867530914456,-0.3863400847856806,-0.3520746977122483,-0.4463024022609514,-0.4437756587581393,-0.4056994818652849,-0.4139978372492795,-0.4624587847385775,-0.4447242249802371
TRIA,2026-02-06,2026,203,-0.20948782535684307,-0.19119724281674422,-0.25818639798488663,-0.2556596544820745,-0.3320738874895046,-0.30662671990212387,-0.28547439126784213,-0.2864279226042832,-0.13182199832073893,-0.12440063781155963,-0.053736356003358465,-0.034433076766208326
ESP,2026-02-10,2026,199,-0.020242914979757165,0.005204252607623583,-0.22482287449392713,-0.26374617367527575,-0.3260374493927126,-0.31173134899068045,-0.11702935222672062,-0.1320396547321706,0.510501012145749,0.4640858030202737,0.3242661943319838,0.31956056354082185
AZTEC,2026-02-11,2026,198,0.23178807947019853,0.24388721092167653,0.4009632751354606,0.3868121740987207,0.37507525586995794,0.3741217245335169,1.033112582781457,1.0337922014300749,0.23479831426851305,0.2421600402698677,0.3534015653220952,0.34750770308296675
OPN,2026-02-21,2026,188,0.11609498680738772,0.12079961533162709,-0.17181437218686946,-0.1626152597580871,-0.1617259040819493,-0.15430454357277001,-0.2623001707279218,-0.2549384447265671,-0.5339127735526928,-0.5398066357918213,-0.6284339593357131,-0.6731821998053535
ROBO,2026-02-27,2026,182,-0.06681569796323894,-0.08354059011950621,0.40660705414803777,0.3601918450225625,0.03328365623447582,-0.030353226537837896,0.09289617486338808,0.055589340635982865,-0.36115250869349225,-0.34267713760607865,-0.42598112270243416,-0.420600839653416
KAT,2026-03-02,2026,179,-0.29178028827424995,-0.2844185622728953,-0.4102064666926373,-0.3856116763939923,-0.5344760420724581,-0.5219780616661894,-0.4666926373198286,-0.4713982681109905,-0.5492793143747565,-0.5340226779774656,-0.6084924035839501,-0.6062210584347374
MANTRA,2026-03-04,2026,177,-0.10479797979797978,-0.0802031894993348,-0.2664141414141413,-0.2539161610078726,-0.23358585858585856,-0.2708926928132638,-0.3547979797979798,-0.35873193893501953,-0.4797979797979798,-0.4749719633359014,-0.547979797979798,-0.5488995135409367
龙虾,2026-03-11,2026,170,0.10726535703149365,0.10255972624033172,-0.1271697328760003,-0.13110369201304006,-0.03731420850223466,-0.06572216740241044,-0.4737553268890967,-0.4511763707826896,-0.5692755430828396,-0.5913996092019091,-0.6091882340713024,-0.6254529517592875
CFG,2026-03-16,2026,165,-0.1419249592169658,-0.1289116412751543,-0.22675367047308326,-0.20827829938566966,-0.24306688417618283,-0.22048792806977568,-0.2001087547580207,-0.1649111671848239,-0.1413811854268624,-0.16705197967698504,0.09679173463839041,0.0877601869687401
EDGE,2026-03-19,2026,162,0.1282092170307767,0.11983431683417467,0.19358953914846122,0.20884617554575213,0.11226279700207309,0.11708881346415145,-0.11624940200924883,-0.11086911896023066,0.5659384468186892,0.5777912445574629,1.1082761919948974,1.12614960853326
BSB,2026-03-25,2026,156,-0.011633456628087235,0.023564130945109563,0.3448275862068966,0.3452705961429765,0.40723064073499593,0.3953099824539654,0.38575349003698833,0.38065861479419727,0.289285288151772,0.29302394513906793,1.7141152607087462,1.724616840931921
XAUT,2026-03-26,2026,155,0.02052485472446497,0.05576065166579203,0.009956883038996223,0.015337166088014387,0.06054321010090913,0.03841914398183954,0.04127233653946649,0.01560154228934385,0.0904820103680617,0.08145046269841139,0.06455958455058863,0.06210982655463537
BASED,2026-03-30,2026,151,-0.24515585509688287,-0.26727992121595245,-0.2518955349620893,-0.23400652612773887,-0.413647851727043,-0.41874272696983406,-0.5501263689974726,-0.5601533826704169,-0.274726200505476,-0.24967260108284284,0.09401853411962935,0.10120350989228966
PRL,2026-04-01,2026,149,-0.039946737683089206,-0.0220577288487388,0.09986684420772307,0.09477196896493201,0.13648468708388806,0.13909346213356344,0.14846870838881476,0.1471521502010571,0.507989347536618,0.5014172490699318,0.6790945406125166,0.6543702091759471
GENIUS,2026-04-16,2026,134,0.057619408642911374,0.032005216585734075,-0.016830932524639852,0.008222666897993336,-0.12160727824109163,-0.1281793767077778,-0.10811220621683093,-0.12136863465016212,-0.09719484457922656,-0.10372696910264256,-0.2606520090978014,-0.24838754796013285
CHIP,2026-04-16,2026,134,-0.053626869884279005,-0.0792410619414563,-0.08439175839683899,-0.0593381589742058,0.7267852102737791,0.7202131118070929,1.0553203499858874,1.0420639215525562,0.5467118261360429,0.5401797016126269,0.5351397121083825,0.5474041732460511
OPG,2026-04-22,2026,128,-0.10769634883110057,-0.10868176215440062,-0.2671394799054373,-0.26958923790139055,-0.2758077226162332,-0.25949627483690774,-0.3278171788810086,-0.3337116437879043,-0.1822957709482531,-0.16714138124261368,-0.42894667717362744,-0.4022267192429646
AIGENSYN,2026-04-29,2026,121,-0.239634027642593,-0.24696737065690733,-0.3928362857699046,-0.3987307506768003,-0.30757251313996503,-0.32408997802554873,-0.2446953474790734,-0.2506687590606054,-0.33657776912594906,-0.33445597585332,-0.37375900330932454,-0.3715413528773448
BILL,2026-05-07,2026,113,0.3318959521491167,0.3295725634529403,0.6482125469467241,0.6290680173438272,1.6244262067046877,1.6395805964103272,1.176519682848797,1.1851466196844602,0.1002921129503409,0.11988753093717974,0.00695507024620956,0.00977864207276391
PHAROS,2026-05-14,2026,106,-0.04341377915599298,-0.019047007984515085,-0.026695429418902572,-0.018068492583239393,-0.22583254685182685,-0.22371075357919779,-0.16947552918969933,-0.17358292902701977,-0.17689092625050562,-0.13774361619505826,-0.2018336254550358,-0.21554316327743483
STAR,2026-05-14,2026,106,-0.14805913295846174,-0.12369236178698384,-0.330400870669327,-0.3217739338336638,-0.13522582985670228,-0.13310403658407322,-0.2834663522582985,-0.287573752095619,-0.18556140032650092,-0.14641409027105357,-0.26977144930165065,-0.2834809871240497
CTR,2026-05-28,2026,92,-0.0034985422740523298,-0.0012808918420725846,0.10204081632653073,0.10479750223764528,0.019825072886297423,0.08511996093319374,-0.15801749271137022,-0.19826091215304387,-0.3096209912536443,-0.29176885368905425,-0.36909620991253644,-0.367902642193799
SLX,2026-06-01,2026,88,-0.06816041101755388,-0.0028655229706575636,-0.38746967318395886,-0.38334756649579016,-0.4873983159697446,-0.48457474414319024,-0.46958755530184104,-0.5039739048546493,-0.4086199514770943,-0.39332665756080365,0.3790209790209791,0.3552313623644936
ZEST,2026-06-04,2026,85,0.1838155318686101,0.22815772821210945,0.20539482271046317,0.16515140326878952,0.16571677180770084,0.18733024133332732,0.17398303241244295,0.1540523295986418,0.17994344137480978,0.20618884185043285,-0.034848814444202736,-0.043628413424471546
BTW,2026-06-04,2026,85,0.4808420249993195,0.5251842213428188,0.7403937801258136,0.7001503606841399,1.5866942621388307,1.6083077316644572,1.5917050189265,1.571774316112699,1.7575501756488117,1.7837955761244348,0.7589390267149587,0.7501594277346899
RE,2026-06-18,2026,71,1.0588507877664504,1.0494982503443815,1.0961538461538463,1.111447140070137,0.8639944392956442,0.8842084720694127,0.3781278962001855,0.3856295253587064,0.39365152919369795,0.4107051832323556,-0.08595922150139013,-0.09999147628507765
ARX,2026-06-23,2026,66,-0.16763005780346818,-0.1413846573278451,-0.18557955582598118,-0.19060030972538877,-0.2251292972315181,-0.21762766807299716,-0.3483419531487678,-0.36499599942065986,-0.4752053544265288,-0.4525700603088817,-0.4752053544265288,-0.4598849948732465
O,2026-06-24,2026,65,-0.3179549604382228,-0.29700041736617844,-0.47839318320146074,-0.47719961548272327,-0.3460742544126597,-0.3574008326609276,-0.25611685940353013,-0.26489645838379894,-0.3228241022519781,-0.3662814986921855,-0.4094948265368229,-0.39484743359142294
CAP,2026-06-27,2026,62,-0.08477064220183483,-0.0772690130433139,0.017981651376146823,0.04486929050095767,-0.17064220183486245,-0.19632570639155944,-0.23119266055045873,-0.22044349930366858,-0.31339449541284403,-0.315101365211123,-0.11522935779816512,-0.08992461639050386
GRAM,2026-07-02,2026,57,0.011983223487118,-0.0046708227847740424,0.06411024565608137,0.056151731963571816,-0.03055721989215099,-0.019808058645360838,-0.03055721989215099,-0.03003984065316878,-0.10665068903535047,-0.10003036264905063,-0.16716596764529668,-0.16609056027112012
DATAIP,2026-07-03,2026,56,-0.00352790250160373,-0.01230750148187254,-0.027261064785118694,-0.03365085620912256,-0.10134701731879414,-0.08429336328013648,-0.11225144323284164,-0.08961614911519455,-0.16003848620910843,-0.14471812665582617,-0.2969852469531752,-0.30905201310125385
GRVT,2026-07-31,2026,28,0.011653313911143437,0.012728721285319988,-0.02694828841951935,-0.026117446562713642,0.0943190094683175,0.0856042901138061,0.19373634377276017,0.20805007107659967,0.011653313911143437,-0.04156700061778462,,
DOS,2026-08-11,2026,17,-0.13586097946287523,-0.13401582750918484,-0.2638230647709321,-0.2568624128618351,-0.3549236440231701,-0.3521022483600945,-0.33307003686150605,-0.4058165378265919,,,,
